"D1_AcuteMyeloidLeukemia_AcuteMyeloidLeukemiaNOS","D2_AcuteMyeloidLeukemia_notReported","D3_AdrenocorticalCarcinoma_AdrenalCorticalCarcinoma","D4_BladderUrothelialCarcinoma_CarcinomaNOS","D5_BladderUrothelialCarcinoma_PapillaryAdenocarcinomaNOS","D6_BladderUrothelialCarcinoma_PapillaryTransitionalCellCarcinom","D7_BladderUrothelialCarcinoma_SquamousCellCarcinomaNOS","D8_BladderUrothelialCarcinoma_TransitionalCellCarcinoma","D9_BrainLowerGradeGlioma_","D10_BrainLowerGradeGlioma_AstrocytomaNOS","D11_BrainLowerGradeGlioma_AstrocytomaAnaplastic","D12_BrainLowerGradeGlioma_MixedGlioma","D13_BrainLowerGradeGlioma_OligodendrogliomaNOS","D14_BrainLowerGradeGlioma_OligodendrogliomaAnaplastic","D15_BreastInvasiveCarcinoma_","D16_BreastInvasiveCarcinoma_AdenoidCysticCarcinoma","D17_BreastInvasiveCarcinoma_ApocrineAdenocarcinoma","D18_BreastInvasiveCarcinoma_BasalCellCarcinomaNOS","D19_BreastInvasiveCarcinoma_CarcinomaNOS","D20_BreastInvasiveCarcinoma_CribriformCarcinomaNOS","D21_BreastInvasiveCarcinoma_InfiltratingDuctAndLobularCarcinoma","D22_BreastInvasiveCarcinoma_InfiltratingDuctCarcinomaNOS","D23_BreastInvasiveCarcinoma_InfiltratingDuctMixedWithOtherTypes","D24_BreastInvasiveCarcinoma_InfiltratingLobularMixedWithOtherTy","D25_BreastInvasiveCarcinoma_IntraductalMicropapillaryCarcinoma","D26_BreastInvasiveCarcinoma_IntraductalPapillaryAdenocarcinomaW","D27_BreastInvasiveCarcinoma_LargeCellNeuroendocrineCarcinoma","D28_BreastInvasiveCarcinoma_LobularCarcinomaNOS","D29_BreastInvasiveCarcinoma_MedullaryCarcinomaNOS","D30_BreastInvasiveCarcinoma_MetaplasticCarcinomaNOS","D31_BreastInvasiveCarcinoma_MucinousAdenocarcinoma","D32_BreastInvasiveCarcinoma_PagetDiseaseAndInfiltratingDuctCarc","D33_BreastInvasiveCarcinoma_PapillaryCarcinomaNOS","D34_BreastInvasiveCarcinoma_PhyllodesTumorMalignant","D35_BreastInvasiveCarcinoma_PleomorphicCarcinoma","D36_BreastInvasiveCarcinoma_SecretoryCarcinomaOfBreast","D37_BreastInvasiveCarcinoma_TubularAdenocarcinoma","D38_CervicalSquamousCellCarcinomaAndEndocervicalAdenocarcinoma_","D39_CervicalSquamousCellCarcinomaAndEndocervicalAdenocarcinoma_","D40_CervicalSquamousCellCarcinomaAndEndocervicalAdenocarcinoma_","D41_CervicalSquamousCellCarcinomaAndEndocervicalAdenocarcinoma_","D42_CervicalSquamousCellCarcinomaAndEndocervicalAdenocarcinoma_","D43_CervicalSquamousCellCarcinomaAndEndocervicalAdenocarcinoma_","D44_CervicalSquamousCellCarcinomaAndEndocervicalAdenocarcinoma_","D45_CervicalSquamousCellCarcinomaAndEndocervicalAdenocarcinoma_","D46_CervicalSquamousCellCarcinomaAndEndocervicalAdenocarcinoma_","D47_CervicalSquamousCellCarcinomaAndEndocervicalAdenocarcinoma_","D48_Cholangiocarcinoma_Cholangiocarcinoma","D49_ColonAdenocarcinoma_","D50_ColonAdenocarcinoma_AdenocarcinomaNOS","D51_ColonAdenocarcinoma_AdenocarcinomaWithMixedSubtypes","D52_ColonAdenocarcinoma_AdenocarcinomaWithNeuroendocrineDiffere","D53_ColonAdenocarcinoma_AdenosquamousCarcinoma","D54_ColonAdenocarcinoma_CarcinomaNOS","D55_ColonAdenocarcinoma_MucinousAdenocarcinoma","D56_ColonAdenocarcinoma_PapillaryAdenocarcinomaNOS","D57_EsophagealCarcinoma_AdenocarcinomaNOS","D58_EsophagealCarcinoma_BasaloidSquamousCellCarcinoma","D59_EsophagealCarcinoma_MucinousAdenocarcinoma","D60_EsophagealCarcinoma_SquamousCellCarcinomaNOS","D61_EsophagealCarcinoma_SquamousCellCarcinomaKeratinizingNOS","D62_EsophagealCarcinoma_TubularAdenocarcinoma","D63_GlioblastomaMultiforme_","D64_GlioblastomaMultiforme_Glioblastoma","D65_HeadAndNeckSquamousCellCarcinoma_BasaloidSquamousCellCarcin","D66_HeadAndNeckSquamousCellCarcinoma_SquamousCellCarcinomaNOS","D67_HeadAndNeckSquamousCellCarcinoma_SquamousCellCarcinomaKerat","D68_HeadAndNeckSquamousCellCarcinoma_SquamousCellCarcinomaLarge","D69_HeadAndNeckSquamousCellCarcinoma_SquamousCellCarcinomaSpind","D70_High_RiskWilmsTumor_notReported","D71_KidneyChromophobe_RenalCellCarcinomaChromophobeType","D72_KidneyRenalClearCellCarcinoma_ClearCellAdenocarcinomaNOS","D73_KidneyRenalClearCellCarcinoma_RenalCellCarcinomaNOS","D74_KidneyRenalPapillaryCellCarcinoma_PapillaryAdenocarcinomaNO","D75_LiverHepatocellularCarcinoma_ClearCellAdenocarcinomaNOS","D76_LiverHepatocellularCarcinoma_CombinedHepatocellularCarcinom","D77_LiverHepatocellularCarcinoma_HepatocellularCarcinomaNOS","D78_LiverHepatocellularCarcinoma_HepatocellularCarcinomaClearCe","D79_LiverHepatocellularCarcinoma_HepatocellularCarcinomaFibrola","D80_LiverHepatocellularCarcinoma_HepatocellularCarcinomaSpindle","D81_LungAdenocarcinoma_AcinarCellCarcinoma","D82_LungAdenocarcinoma_AdenocarcinomaNOS","D83_LungAdenocarcinoma_AdenocarcinomaWithMixedSubtypes","D84_LungAdenocarcinoma_Bronchio_alveolarCarcinomaMucinous","D85_LungAdenocarcinoma_Bronchiolo_alveolarAdenocarcinomaNOS","D86_LungAdenocarcinoma_Bronchiolo_alveolarCarcinomaNon_mucinous","D87_LungAdenocarcinoma_ClearCellAdenocarcinomaNOS","D88_LungAdenocarcinoma_MicropapillaryCarcinomaNOS","D89_LungAdenocarcinoma_MucinousAdenocarcinoma","D90_LungAdenocarcinoma_PapillaryAdenocarcinomaNOS","D91_LungAdenocarcinoma_SignetRingCellCarcinoma","D92_LungAdenocarcinoma_SolidCarcinomaNOS","D93_LungSquamousCellCarcinoma_BasaloidSquamousCellCarcinoma","D94_LungSquamousCellCarcinoma_PapillarySquamousCellCarcinoma","D95_LungSquamousCellCarcinoma_SquamousCellCarcinomaNOS","D96_LungSquamousCellCarcinoma_SquamousCellCarcinomaKeratinizing","D97_LungSquamousCellCarcinoma_SquamousCellCarcinomaLargeCellNon","D98_LungSquamousCellCarcinoma_SquamousCellCarcinomaSmallCellNon","D99_LymphoidNeoplasmDiffuseLargeB_cellLymphoma_MalignantLymphom","D100_Mesothelioma_EpithelioidMesotheliomaMalignant","D101_Mesothelioma_FibrousMesotheliomaMalignant","D102_Mesothelioma_MesotheliomaBiphasicMalignant","D103_Mesothelioma_MesotheliomaMalignant","D104_Neuroblastoma_notReported","D105_OvarianSerousCystadenocarcinoma_PapillarySerousCystadenoca","D106_OvarianSerousCystadenocarcinoma_SerousCystadenocarcinomaNO","D107_PancreaticAdenocarcinoma_AdenocarcinomaNOS","D108_PancreaticAdenocarcinoma_AdenocarcinomaWithMixedSubtypes","D109_PancreaticAdenocarcinoma_CarcinomaUndifferentiatedNOS","D110_PancreaticAdenocarcinoma_InfiltratingDuctCarcinomaNOS","D111_PancreaticAdenocarcinoma_MucinousAdenocarcinoma","D112_PancreaticAdenocarcinoma_NeuroendocrineCarcinomaNOS","D113_PheochromocytomaAndParaganglioma_Extra_adrenalParagangliom","D114_PheochromocytomaAndParaganglioma_Extra_adrenalParagangliom","D115_PheochromocytomaAndParaganglioma_ParagangliomaNOS","D116_PheochromocytomaAndParaganglioma_ParagangliomaMalignant","D117_PheochromocytomaAndParaganglioma_PheochromocytomaNOS","D118_PheochromocytomaAndParaganglioma_PheochromocytomaMalignant","D119_ProstateAdenocarcinoma_AdenocarcinomaNOS","D120_ProstateAdenocarcinoma_AdenocarcinomaWithMixedSubtypes","D121_ProstateAdenocarcinoma_InfiltratingDuctCarcinomaNOS","D122_ProstateAdenocarcinoma_MucinousAdenocarcinoma","D123_RectumAdenocarcinoma_","D124_RectumAdenocarcinoma_AdenocarcinomaNOS","D125_RectumAdenocarcinoma_AdenocarcinomaInTubolovillousAdenoma","D126_RectumAdenocarcinoma_AdenocarcinomaWithMixedSubtypes","D127_RectumAdenocarcinoma_MucinousAdenocarcinoma","D128_RectumAdenocarcinoma_TubularAdenocarcinoma","D129_Sarcoma_AbdominalFibromatosis","D130_Sarcoma_AggressiveFibromatosis","D131_Sarcoma_DedifferentiatedLiposarcoma","D132_Sarcoma_Fibromyxosarcoma","D133_Sarcoma_GiantCellSarcoma","D134_Sarcoma_LeiomyosarcomaNOS","D135_Sarcoma_LiposarcomaWellDifferentiated","D136_Sarcoma_MalignantFibrousHistiocytoma","D137_Sarcoma_MalignantPeripheralNerveSheathTumor","D138_Sarcoma_MyxoidLeiomyosarcoma","D139_Sarcoma_PleomorphicLiposarcoma","D140_Sarcoma_SynovialSarcomaNOS","D141_Sarcoma_SynovialSarcomaBiphasic","D142_Sarcoma_SynovialSarcomaSpindleCell","D143_Sarcoma_UndifferentiatedSarcoma","D144_SkinCutaneousMelanoma_AcralLentiginousMelanomaMalignant","D145_SkinCutaneousMelanoma_AmelanoticMelanoma","D146_SkinCutaneousMelanoma_EpithelioidCellMelanoma","D147_SkinCutaneousMelanoma_LentigoMalignaMelanoma","D148_SkinCutaneousMelanoma_MalignantMelanomaNOS","D149_SkinCutaneousMelanoma_MixedEpithelioidAndSpindleCellMelano","D150_SkinCutaneousMelanoma_NodularMelanoma","D151_SkinCutaneousMelanoma_SpindleCellMelanomaNOS","D152_SkinCutaneousMelanoma_SuperficialSpreadingMelanoma","D153_StomachAdenocarcinoma_AdenocarcinomaNOS","D154_StomachAdenocarcinoma_AdenocarcinomaIntestinalType","D155_StomachAdenocarcinoma_AdenocarcinomaWithMixedSubtypes","D156_StomachAdenocarcinoma_CarcinomaDiffuseType","D157_StomachAdenocarcinoma_MucinousAdenocarcinoma","D158_StomachAdenocarcinoma_PapillaryAdenocarcinomaNOS","D159_StomachAdenocarcinoma_SignetRingCellCarcinoma","D160_StomachAdenocarcinoma_TubularAdenocarcinoma","D161_TesticularGermCellTumors_","D162_TesticularGermCellTumors_EmbryonalCarcinomaNOS","D163_TesticularGermCellTumors_MixedGermCellTumor","D164_TesticularGermCellTumors_SeminomaNOS","D165_TesticularGermCellTumors_Teratocarcinoma","D166_TesticularGermCellTumors_TeratomaBenign","D167_TesticularGermCellTumors_TeratomaMalignantNOS","D168_TesticularGermCellTumors_YolkSacTumor","D169_Thymoma_ThymicCarcinomaNOS","D170_Thymoma_ThymomaTypeANOS","D171_Thymoma_ThymomaTypeAMalignant","D172_Thymoma_ThymomaTypeABNOS","D173_Thymoma_ThymomaTypeABMalignant","D174_Thymoma_ThymomaTypeB1NOS","D175_Thymoma_ThymomaTypeB1Malignant","D176_Thymoma_ThymomaTypeB2NOS","D177_Thymoma_ThymomaTypeB2Malignant","D178_Thymoma_ThymomaTypeB3Malignant","D179_ThyroidCarcinoma_CarcinomaNOS","D180_ThyroidCarcinoma_FollicularAdenocarcinomaNOS","D181_ThyroidCarcinoma_FollicularCarcinomaMinimallyInvasive","D182_ThyroidCarcinoma_NonencapsulatedSclerosingCarcinoma","D183_ThyroidCarcinoma_OxyphilicAdenocarcinoma","D184_ThyroidCarcinoma_PapillaryAdenocarcinomaNOS","D185_ThyroidCarcinoma_PapillaryCarcinomaColumnarCell","D186_ThyroidCarcinoma_PapillaryCarcinomaFollicularVariant","D187_UterineCarcinosarcoma_CarcinosarcomaNOS","D188_UterineCarcinosarcoma_MesodermalMixedTumor","D189_UterineCarcinosarcoma_MullerianMixedTumor","D190_UterineCorpusEndometrialCarcinoma_AdenocarcinomaNOS","D191_UterineCorpusEndometrialCarcinoma_CarcinomaUndifferentiate","D192_UterineCorpusEndometrialCarcinoma_ClearCellAdenocarcinomaN","D193_UterineCorpusEndometrialCarcinoma_EndometrioidAdenocarcino","D194_UterineCorpusEndometrialCarcinoma_EndometrioidAdenocarcino","D195_UterineCorpusEndometrialCarcinoma_PapillarySerousCystadeno","D196_UterineCorpusEndometrialCarcinoma_SerousCystadenocarcinoma","D197_UterineCorpusEndometrialCarcinoma_SerousSurfacePapillaryCa","D198_UvealMelanoma_EpithelioidCellMelanoma","D199_UvealMelanoma_MalignantMelanomaNOS","D200_UvealMelanoma_MixedEpithelioidAndSpindleCellMelanoma","D201_UvealMelanoma_SpindleCellMelanomaNOS","D202_UvealMelanoma_SpindleCellMelanomaTypeB"
"EX_M01238[e]",-0.220404636979097,0,-1.41486070381386,-156.421461750141,-281.214294128033,-0.503954966968481,0,-0.186375390062648,0,-1.29999999999999,-0.68260082039359,0,0,0,-1.84696030090465,-0.959857331470871,-0.887605057810091,-1.1056863089627,-4.58933550755633,0,-2.68488406910787,-1.43839553780216,0,0,0,0,0,0,0,-1.75104934180682,-1.5798743623581,0,0,0,-0.347552587868743,0,0,-1.49192421198272,0,-4.83136037641396,0,0,-0.999226492121422,0,-0.291993407628623,0,-2.36560854114422,-1.83287167156014,-1.88697357047726,-350.303849505719,-1.12575691204969,-1.10434660378962,-1.88844798612113,-1.84556136939229,-0.143249406262649,-2.66039886825273,-0.366902043305587,-1.54731551548317,-1.41196024264406,-1.17908210507395,0,-1.9866432909857,-1.39774013785778,-0.74551805929876,-5.66635952176754,-0.626765688934482,0,-0.127433725145364,0,0,0,-1.36558496986085,-1.55558195232698,0,-2.4309996093838,-1.64618967450474,0,0,-1.56543037070989,0,-0.2975057519866,-1.47506061731885,-1.46523347748597,-0.925229897365239,-3.54988152580701,-2.00172794210299,0,0,0,-1.33418024276876,0,-1.58201934302999,-171.571004101679,-1.50454687658293,-1.42980200594701,0,-5.25288884111898,0,0,0,0,-1.74193883954809,-1.90994610381548,-1.83035724379162,-0.547585870671591,0,0,-1.06297727068851,0,-0.136824528364575,-0.176775395238657,-4.08764970078925,-0.213397203031713,-1.50468460056623,0,0,0,-2.69702345820104,-1.5159291761946,0,-1.93273845841854,-5.09318091226053,-0.1,-210.401485488186,-1.70905220681239,0,0,0,0,-1.76962151605113,-0.0270323551217025,-1.34746755483978,0,0,-1.95164477450712,0,-1.01372549019606,-3.6,-0.856142669058138,0,0,-0.925933973510639,-1.51031553535292,0,0,0,0,-1.86176159635554,0,-2.26450222976186,0,0,0,-1.54927855719044,-1.9454116314719,0,-2.83588139852425,-1.62306103237229,-1.24406291845008,-1.48945389640989,-1.6530521536085,-5.19683417998634,-1.6822117740008,-4.35883613424352,0,0,-0.685803358609609,0,-381.177965170219,-0.799269350342261,-1.29798681631236,-1.45675936148958,0,0,-171.152177914864,0,0,-4.78744749711153,-0.275094313742929,-1.01203733274831,0,-1.79569183427483,-1.51332900913908,-3.6,-443.768165682134,-1.22313790978689,0,-1.08699552629343,0,-1.25287634983759,-2.63444242765449,0,-2.41933312049418,-0.410126947359263,-0.241530098760623,-1.2203677223532,-1.45436079726052,0,0,0,-4.38361986665016,0
"Exchange of ProGlnPro",1000,1000,NA,NA,1000,1000,1000,1000,1000,1000,1000,1000,1000,1000,0,1000,1000,NA,NA,1000,NA,NA,NA,NA,NA,NA,NA,NA,1000,NA,NA,NA,NA,NA,1000,1000,NA,1000,1000,1000,1000,1000,1000,1000,1000,1000,1000,1000,NA,NA,NA,NA,NA,NA,NA,1000,1000,0,NA,NA,NA,1000,1000,1000,1000,1000,NA,1000,NA,1000,NA,NA,NA,1000,0,1000,1000,1000,NA,NA,1000,1000,1000,1000,1000,1000,1000,1000,1000,1000,1000,NA,1000,1000,0,1000,1000,1000,NA,NA,NA,NA,NA,NA,0,1000,98.0673140357142,1000,NA,1000,1000,NA,NA,NA,NA,NA,NA,NA,1000,1000,1000,1000,NA,NA,NA,NA,NA,NA,NA,NA,NA,NA,NA,NA,NA,NA,NA,1000,NA,NA,NA,NA,NA,NA,NA,NA,NA,NA,NA,NA,NA,NA,NA,1000,NA,NA,NA,1000,1000,NA,NA,NA,NA,NA,1000,1000,1000,NA,0,NA,NA,1000,NA,NA,1000,1000,1000,1000,1000,1000,1000,1000,1000,1000,1000,1000,NA,NA,NA,0,NA,NA,0,1000,0,1000,0,NA,NA,NA,NA,NA
"Exchange of ProLysPro",1000,1000,NA,NA,0,1000,1000,1000,1000,1000,1000,1000,1000,1000,1000,1000,1000,NA,NA,1000,NA,NA,NA,NA,NA,NA,NA,NA,1000,NA,NA,NA,NA,NA,1000,1000,NA,1000,1000,0,1000,1000,0,0,0,1000,1000,1000,NA,NA,NA,NA,NA,NA,NA,1000,0,1000,NA,NA,NA,1000,1000,1000,1000,1000,NA,1000,NA,1000,NA,NA,NA,1000,1000,1000,1000,1000,NA,NA,1000,1000,1000,1000,1000,1000,1000,1000,1000,1000,1000,NA,1000,1000,1000,1000,1000,1000,NA,NA,NA,NA,NA,NA,1000,1000,1000,1000,NA,1000,1000,NA,NA,NA,NA,NA,NA,NA,1000,1000,1000,1000,NA,NA,NA,NA,NA,NA,NA,NA,NA,NA,NA,NA,NA,NA,NA,1000,NA,NA,NA,NA,NA,NA,NA,NA,NA,NA,NA,NA,NA,NA,NA,1000,NA,NA,NA,1000,1000,NA,NA,NA,NA,NA,1000,1000,1000,NA,1000,NA,NA,1000,NA,NA,1000,1000,1000,1000,0,1000,1000,1000,1000,1000,1000,1000,NA,NA,NA,1000,NA,NA,1000,1000,1000,1000,1000,NA,NA,NA,NA,NA
"Exchange of TrpGlnGln",-1000,0,NA,NA,0,-1000,0,-1000,0,-1000,-1000,0,0,0,-1000,0,-1000,NA,NA,0,NA,NA,NA,NA,NA,NA,NA,NA,0,NA,NA,NA,NA,NA,-1000,0,NA,-1000,0,-1000,0,0,-1000,-1000,-1000,0,-1000,-1000,NA,NA,NA,NA,NA,NA,NA,-1000,-1000,-1000,NA,NA,NA,0,-1000,-1000,-1000,-1000,NA,-1000,NA,0,NA,NA,NA,0,0,-1000,0,0,NA,NA,0,0,-1000,-1000,-1000,0,0,0,0,-1000,0,NA,0,-1000,0,0,-1000,0,NA,NA,NA,NA,NA,NA,-1000,0,0,-1000,NA,-1000,-1000,NA,NA,NA,NA,NA,NA,NA,-1000,0,-1000,-1000,NA,NA,NA,NA,NA,NA,NA,NA,NA,NA,NA,NA,NA,NA,NA,-1000,NA,NA,NA,NA,NA,NA,NA,NA,NA,NA,NA,NA,NA,NA,NA,-1000,NA,NA,NA,-1000,-1000,NA,NA,NA,NA,NA,0,0,-1000,NA,0,NA,NA,-1000,NA,NA,-1000,0,0,-1000,0,-1000,0,-1000,-1000,-1000,-1000,-1000,NA,NA,NA,0,NA,NA,-1000,-1000,-1000,-1000,0,NA,NA,NA,NA,NA
"Long-Chain-Fatty-Acid Coenzyme A Ligase",0,0.1,0,0,0,0,0.1,0,0.6,0,0,0.1,0.1,0.1,0,0.130751904021872,0,0,0,0.1,0,0,0.1,1.66666666666667,0.1,0.1,0.1,0.1,0.169016994967622,0,0,0.1,0.1,0.1,0,0.1,0.1,0,0.268261049142653,0,0.1,0.100000000000009,0,0.263316896902235,0,0.1,0,0,0,0,0,0,0,0,0,0,0,0,0,0,0.1,0,0,0,0,0,0.1,0,0.1,0.1,0.1,1.46558496986085,0,0.1,0,0,2.29290519625578,0.1,0,0.123620985532252,0,0,0,0,402.009335615094,0,0.1,0.1,0.223707546967255,0,0,0,0,0,0,0.1,0,1.49952607392607,0.2,0.1,0.1,0,0,0,0,0.0396994986592061,0.1,0,0.1,0,0,0,0,0,0.1,0.1,0.290801691265808,0,0,0.100000000000001,0,0,0,0,0,0.1,0.513260051883128,0.128958710265446,0.1,0,0.1,0,0.1,0.1,0,0.1,0,0,0,0.1,0.1,0,0,0.219835587556328,0.1,0.1,0.00530357329214169,0,0.6,0,0.2,0.1,0.1,0,0,0.1,0,0,0,0,0,0,0,0,0.1,0.1,0,0.1,0,0,0,0,0.1,0.1,0,0.1,0.1,0,0,0,0.1,0,0,0.896396784240442,0,0,0.1,0,0.1,0,0,0.105214749915122,0,0,0,0,0,0.1,0,0.1,0,0.6
"Very-Long-Chain 3-Oxoacyl Coenzyme A Synthase",0.220404636979097,0,1.41486070381386,3.63620202459725,2.13281374491663,1.20790993393696,0,0.186375390062645,0,1.4,1.36520164078718,0,0,0,1.84696030090465,0,0.887605057810091,2.21137261792539,1.89383136496689,0,1.55167106368115,1.43839553780216,0,0,0,0,0,0,0,1.79993186809684,1.57987436235809,0,0,0,0.347552587868742,0,0,192.187456355605,0,1.17636037641397,0,0,0.999226492121421,636.970404480746,0.291993407628619,0,0.816629052254689,1.52176056044903,1.88697357047726,0.155243262564475,0.475758258003674,1.10434660378962,296.132071434322,1.84556136939229,0.286498812525298,1.64441479881083,0.733804086611173,1.61231430861944,1.41196024264406,2.35816421014791,0,2.0866432909857,1.49774013785778,1.23565668228431,2.06635952176754,314.87877488228,0,0.254867450290728,0,0,0,0,1.5946128101919,0,0.559114347248314,1.69396960213255,0,0,1.66543037070989,0,0.595011503973205,1.51119963351619,1.60040452528329,1.85045979473048,0,0.653014726377997,0,0,0,1.27331067755137,2.10182908457405,1.62214391127739,182.429242217514,1.50454687658293,407.795481018826,0,1.59788884111898,0,0,0,0,1.7419388395481,1.90994610381548,1.54658430579618,0.486716305454199,0.0603005013407939,0,1.11499485601507,0,0.136824528364553,0.176775395238657,0.975299401578505,0.213397203031713,3.15036987713094,0,0,0,1.89493898543087,1.55458386385144,0,1.93273845841854,1.49318091226053,0.1,1.52441306072931,0.780617445572251,0,0,0,0,1.76962151605113,0,1.38829990498644,0,0,2.05470480349975,0,2.19117647058829,1.02867792963275,0.899144332183522,0,0,1.92812390999018,1.51031553535292,0,0,0,0.0946964267078583,329.836649562566,0,1.28657084566712,0,0,0,447.687005173809,1.9454116314719,0,1.60142927708185,1.62306103237229,1.31797239792237,1.48945389640989,1.73491489870654,3.08366835997269,1.6822117740008,1.40767226848702,0,0,0.685803358609609,0,2.72413383907048,1.65366072484606,1.49798681631236,1.53127695687553,0,0,1.59261236526969,0,0,1.14502767203864,0.427479412250088,1.01203733274831,0,1.79569183427483,1.61332900913908,0,2.12351625251478,1.42313790978689,0,1.11185241437758,0,1.30573807105345,1.99444242765448,0,0.457038038526969,0.410126947359263,0.483060197517507,1.2203677223532,1.49298536823834,0,0.146828442531482,0,1.36723973330033,0
"Very-Long-Chain 3-Oxoacyl Coenzyme A Reductase",0.220404636979097,0,1.41486070381386,3.63620202459725,2.13281374491663,1.20790993393696,0,0.186375390062645,0,1.4,1.36520164078718,0,0,0,1.84696030090465,0,0.887605057810091,2.21137261792539,1.89383136496689,0,1.55167106368115,1.43839553780216,0,0,0,0,0,0,0,1.79993186809684,1.57987436235809,0,0,0,0.347552587868742,0,0,192.187456355605,0,1.17636037641397,0,0,0.999226492121421,636.970404480746,0.291993407628619,0,0.816629052254689,1.52176056044903,1.88697357047726,0.155243262564475,0.475758258003674,1.10434660378962,296.132071434322,1.84556136939229,0.286498812525298,1.64441479881083,0.733804086611173,1.61231430861944,1.41196024264406,2.35816421014791,0,2.0866432909857,1.49774013785778,1.23565668228431,2.06635952176754,314.87877488228,0,0.254867450290728,0,0,0,0,1.5946128101919,0,0.559114347248314,1.69396960213255,0,0,1.66543037070989,0,0.595011503973205,1.51119963351619,1.60040452528329,1.85045979473048,0,0.653014726377997,0,0,0,1.27331067755137,2.10182908457405,1.62214391127739,182.429242217514,1.50454687658293,407.795481018826,0,1.59788884111898,0,0,0,0,1.7419388395481,1.90994610381548,1.54658430579618,0.486716305454199,0.0603005013407939,0,1.11499485601507,0,0.136824528364553,0.176775395238657,0.975299401578505,0.213397203031713,3.15036987713094,0,0,0,1.89493898543087,1.55458386385144,0,1.93273845841854,1.49318091226053,0.1,1.52441306072931,0.780617445572251,0,0,0,0,1.76962151605113,0,1.38829990498644,0,0,2.05470480349975,0,2.19117647058829,1.02867792963275,0.899144332183522,0,0,1.92812390999018,1.51031553535292,0,0,0,0.0946964267078583,329.836649562566,0,1.28657084566712,0,0,0,447.687005173809,1.9454116314719,0,1.60142927708185,1.62306103237229,1.31797239792237,1.48945389640989,1.73491489870654,3.08366835997269,1.6822117740008,1.40767226848702,0,0,0.685803358609609,0,2.72413383907048,1.65366072484606,1.49798681631236,1.53127695687553,0,0,1.59261236526969,0,0,1.14502767203864,0.427479412250088,1.01203733274831,0,1.79569183427483,1.61332900913908,0,2.12351625251478,1.42313790978689,0,1.11185241437758,0,1.30573807105345,1.99444242765448,0,0.457038038526969,0.410126947359263,0.483060197517507,1.2203677223532,1.49298536823834,0,0.146828442531482,0,1.36723973330033,0
"Very-Long-Chain (3R)-3-Hydroxyacyl Coenzyme A Dehydratase",0.220404636979097,0,1.41486070381386,3.63620202459725,2.13281374491663,1.20790993393696,0,0.186375390062645,0,1.4,1.36520164078718,0,0,0,1.84696030090465,0,0.887605057810091,2.21137261792539,1.89383136496689,0,1.55167106368115,1.43839553780216,0,0,0,0,0,0,0,1.79993186809684,1.57987436235809,0,0,0,0.347552587868742,0,0,192.187456355605,0,1.17636037641397,0,0,0.999226492121421,636.970404480746,0.291993407628619,0,0.816629052254689,1.52176056044903,1.88697357047726,0.155243262564475,0.475758258003674,1.10434660378962,296.132071434322,1.84556136939229,0.286498812525298,1.64441479881083,0.733804086611173,1.61231430861944,1.41196024264406,2.35816421014791,0,2.0866432909857,1.49774013785778,1.23565668228431,2.06635952176754,314.87877488228,0,0.254867450290728,0,0,0,0,1.5946128101919,0,0.559114347248314,1.69396960213255,0,0,1.66543037070989,0,0.595011503973205,1.51119963351619,1.60040452528329,1.85045979473048,0,0.653014726377997,0,0,0,1.27331067755137,2.10182908457405,1.62214391127739,182.429242217514,1.50454687658293,407.795481018826,0,1.59788884111898,0,0,0,0,1.7419388395481,1.90994610381548,1.54658430579618,0.486716305454199,0.0603005013407939,0,1.11499485601507,0,0.136824528364553,0.176775395238657,0.975299401578505,0.213397203031713,3.15036987713094,0,0,0,1.89493898543087,1.55458386385144,0,1.93273845841854,1.49318091226053,0.1,1.52441306072931,0.780617445572251,0,0,0,0,1.76962151605113,0,1.38829990498644,0,0,2.05470480349975,0,2.19117647058829,1.02867792963275,0.899144332183522,0,0,1.92812390999018,1.51031553535292,0,0,0,0.0946964267078583,329.836649562566,0,1.28657084566712,0,0,0,447.687005173809,1.9454116314719,0,1.60142927708185,1.62306103237229,1.31797239792237,1.48945389640989,1.73491489870654,3.08366835997269,1.6822117740008,1.40767226848702,0,0,0.685803358609609,0,2.72413383907048,1.65366072484606,1.49798681631236,1.53127695687553,0,0,1.59261236526969,0,0,1.14502767203864,0.427479412250088,1.01203733274831,0,1.79569183427483,1.61332900913908,0,2.12351625251478,1.42313790978689,0,1.11185241437758,0,1.30573807105345,1.99444242765448,0,0.457038038526969,0.410126947359263,0.483060197517507,1.2203677223532,1.49298536823834,0,0.146828442531482,0,1.36723973330033,0
"Very-Long-Chain Enoyl Coenzyme A Reductase",0.220404636979097,0,1.41486070381386,3.63620202459725,2.13281374491663,1.20790993393696,0,0.186375390062645,0,1.4,1.36520164078718,0,0,0,1.84696030090465,0,0.887605057810091,2.21137261792539,1.89383136496689,0,1.55167106368115,1.43839553780216,0,0,0,0,0,0,0,1.79993186809684,1.57987436235809,0,0,0,0.347552587868742,0,0,192.187456355605,0,1.17636037641397,0,0,0.999226492121421,636.970404480746,0.291993407628619,0,0.816629052254689,1.52176056044903,1.88697357047726,0.155243262564475,0.475758258003674,1.10434660378962,296.132071434322,1.84556136939229,0.286498812525298,1.64441479881083,0.733804086611173,1.61231430861944,1.41196024264406,2.35816421014791,0,2.0866432909857,1.49774013785778,1.23565668228431,2.06635952176754,314.87877488228,0,0.254867450290728,0,0,0,0,1.5946128101919,0,0.559114347248314,1.69396960213255,0,0,1.66543037070989,0,0.595011503973205,1.51119963351619,1.60040452528329,1.85045979473048,0,0.653014726377997,0,0,0,1.27331067755137,2.10182908457405,1.62214391127739,182.429242217514,1.50454687658293,407.795481018826,0,1.59788884111898,0,0,0,0,1.7419388395481,1.90994610381548,1.54658430579618,0.486716305454199,0.0603005013407939,0,1.11499485601507,0,0.136824528364553,0.176775395238657,0.975299401578505,0.213397203031713,3.15036987713094,0,0,0,1.89493898543087,1.55458386385144,0,1.93273845841854,1.49318091226053,0.1,1.52441306072931,0.780617445572251,0,0,0,0,1.76962151605113,0,1.38829990498644,0,0,2.05470480349975,0,2.19117647058829,1.02867792963275,0.899144332183522,0,0,1.92812390999018,1.51031553535292,0,0,0,0.0946964267078583,329.836649562566,0,1.28657084566712,0,0,0,447.687005173809,1.9454116314719,0,1.60142927708185,1.62306103237229,1.31797239792237,1.48945389640989,1.73491489870654,3.08366835997269,1.6822117740008,1.40767226848702,0,0,0.685803358609609,0,2.72413383907048,1.65366072484606,1.49798681631236,1.53127695687553,0,0,1.59261236526969,0,0,1.14502767203864,0.427479412250088,1.01203733274831,0,1.79569183427483,1.61332900913908,0,2.12351625251478,1.42313790978689,0,1.11185241437758,0,1.30573807105345,1.99444242765448,0,0.457038038526969,0.410126947359263,0.483060197517507,1.2203677223532,1.49298536823834,0,0.146828442531482,0,1.36723973330033,0
"Transport of LysArgLeu, Extracellular",1000,0,NA,NA,1000,324.141950886335,0,1000,0,1000,555.259100967821,0,0,0,1000,0,1000,NA,NA,0,NA,NA,NA,NA,NA,NA,NA,NA,0,NA,NA,NA,NA,NA,1000,0,NA,1000,0,1000,0,0,0,1000,0,0,1000,1000,NA,NA,NA,NA,NA,NA,NA,1000,1000,1000,NA,NA,NA,1000,1000,0,1000,1000,NA,1000,NA,0,NA,NA,NA,0,1000,1000,0,0,NA,NA,1000,1000,1000,1000,0,1000,0,0,0,1000,0,NA,1000,1000,1000,0,1000,0,NA,NA,NA,NA,NA,NA,1000,0,0,0,NA,1000,1000,NA,NA,NA,NA,NA,NA,NA,1000,0,1000,1000,NA,NA,NA,NA,NA,NA,NA,NA,NA,NA,NA,NA,NA,NA,NA,1000,NA,NA,NA,NA,NA,NA,NA,NA,NA,NA,NA,NA,NA,NA,NA,0,NA,NA,NA,1000,1000,NA,NA,NA,NA,NA,0,0,0,NA,1000,NA,NA,1000,NA,NA,376.826672843165,0,0,0,696.74058446101,1000,0,1000,1000,1000,1000,0,NA,NA,NA,1000,NA,NA,1000,1000,1000,1000,1000,NA,NA,NA,NA,NA
"Metabolism (Formation/Degradation) of ProGlnPro",-1000,-1000,NA,NA,-1000,-1000,-1000,-1000,-1000,-1000,-1000,-1000,-1000,-1000,0,-1000,-1000,NA,NA,-1000,NA,NA,NA,NA,NA,NA,NA,NA,-1000,NA,NA,NA,NA,NA,-1000,-1000,NA,-1000,-1000,-1000,-1000,-1000,-1000,-1000,-1000,-1000,-1000,-1000,NA,NA,NA,NA,NA,NA,NA,-1000,-1000,0,NA,NA,NA,-1000,-1000,-1000,-1000,-1000,NA,-1000,NA,-1000,NA,NA,NA,-1000,0,-1000,-1000,-1000,NA,NA,-1000,-1000,-1000,-1000,-1000,-1000,-1000,-1000,-1000,-1000,-1000,NA,-1000,-1000,0,-1000,-1000,-1000,NA,NA,NA,NA,NA,NA,0,-1000,-98.0673140357142,-1000,NA,-1000,-1000,NA,NA,NA,NA,NA,NA,NA,-1000,-1000,-1000,-1000,NA,NA,NA,NA,NA,NA,NA,NA,NA,NA,NA,NA,NA,NA,NA,-1000,NA,NA,NA,NA,NA,NA,NA,NA,NA,NA,NA,NA,NA,NA,NA,-1000,NA,NA,NA,-1000,-1000,NA,NA,NA,NA,NA,-1000,-1000,-1000,NA,0,NA,NA,-1000,NA,NA,-1000,-1000,-1000,-1000,-1000,-1000,-1000,-1000,-1000,-1000,-1000,-1000,NA,NA,NA,0,NA,NA,0,-1000,0,-1000,0,NA,NA,NA,NA,NA
"Transport of ProGlnPro, Extracellular",-1000,-1000,NA,NA,-1000,-1000,-1000,-1000,-1000,-1000,-1000,-1000,-1000,-1000,0,-1000,-1000,NA,NA,-1000,NA,NA,NA,NA,NA,NA,NA,NA,-1000,NA,NA,NA,NA,NA,-1000,-1000,NA,-1000,-1000,-1000,-1000,-1000,-1000,-1000,-1000,-1000,-1000,-1000,NA,NA,NA,NA,NA,NA,NA,-1000,-1000,0,NA,NA,NA,-1000,-1000,-1000,-1000,-1000,NA,-1000,NA,-1000,NA,NA,NA,-1000,0,-1000,-1000,-1000,NA,NA,-1000,-1000,-1000,-1000,-1000,-1000,-1000,-1000,-1000,-1000,-1000,NA,-1000,-1000,0,-1000,-1000,-1000,NA,NA,NA,NA,NA,NA,0,-1000,-98.0673140357142,-1000,NA,-1000,-1000,NA,NA,NA,NA,NA,NA,NA,-1000,-1000,-1000,-1000,NA,NA,NA,NA,NA,NA,NA,NA,NA,NA,NA,NA,NA,NA,NA,-1000,NA,NA,NA,NA,NA,NA,NA,NA,NA,NA,NA,NA,NA,NA,NA,-1000,NA,NA,NA,-1000,-1000,NA,NA,NA,NA,NA,-1000,-1000,-1000,NA,0,NA,NA,-1000,NA,NA,-1000,-1000,-1000,-1000,-1000,-1000,-1000,-1000,-1000,-1000,-1000,-1000,NA,NA,NA,0,NA,NA,0,-1000,0,-1000,0,NA,NA,NA,NA,NA
"RE3245C",-1000,0,-1000,-1000,-133.992940336365,-1000,-380.013480821079,-1000,-18.2144003105378,-1000,-1000,0,0,0,-1000,0,-1000,-1000,-1000,-339.261452505427,-1000,-1000,0,0,-299.85,0,0,0,-438.377285049598,-1000,-1000,0,-422.6,-724.256349000653,-1000,-23.4446731869852,-849.626085461436,-1000,0,-1000,0,0,-1000,-1000,-1000,-1000,-1000,-1000,-422.436277794217,-653.429596233256,-854.208634772089,-1000,-1000,-549.27563956009,-1000,-605.855787934518,-1000,-1000,-1000,-1000,-697.397160686143,-1000,-1000,-1000,-1000,-1000,-610.373175089388,-1000,0,0,0,-365.69853101028,-1000,0,-1000,-1000,-1000,-2.71221935533498,-1000,0,-1000,-1000,-1000,-1000,-1000,-1000,-425.6,-1000,-49.7730801825012,-473.747394456278,0,-1000,-1000,-1000,-1000,0,-1000,-465.785056507892,0,0,0,-1000,-1000,-1000,-1000,0,0,-1000,0,-1000,-1000,-1000,-1000,-1000,-127.374493051883,-3.05,-964.407574891064,-1000,-1000,-754.174359567124,-1000,-1000,-1000,-1000,-420.931683057569,0,0,0,0,-1000,0,-1000,0,0,-1000,0,-1000,-1000,-1000,-541.55,-1000,-1000,-1000,0,0,0,0,-1000,-720.450602239243,-1000,0,-393.105565529623,0,-1000,-1000,0,-1000,-1000,-1000,-1000,-1000,-1000,-1000,-1000,-422.5,0,-1000,-422.6,-1000,-1000,-331.081899181451,-1000,0,-110.872702262596,-1000,-582.68151237859,-1000,-1000,-1000,-1000,0,-1000,-1000,-1000,-1000,-1000,0,-1000,0,-1000,-1000,0,-1000,-1000,-1000,-1000,-1000,-422.6,-137.589444426195,-3.05,-1000,-307.39389210319
"Xylitol Dehydrogenase (D-Xyulose-Forming)",0,1000,0,0,0,0,1000,0,1000,0,69.3528198778099,1000,1000,1000,0,891.779676938648,0,0,0,1000,0,183.483957636964,1000,1000,1000,1000,1000,1000,1000,0,0,1000,1000,1000,0,1000,1000,0,1000,0,1000,1000,0,0,0,1000,0,0,0,0,41.4119977892269,0,0,0,0,0,0,0,0,0,1000,367.125565959341,0,0,125.664044767104,0,1000,26.8606890423344,1000,1000,1000,1000,0,1000,0,0,1000,1000,0,1000,NA,0,0,0,0,0,1000,1000,1000,0,1000,0,0,0,0,1000,0,1000,1000,1000,1000,0,0,0,1000,1000,1000,0,1000,0,0,0,0,518.757901925711,1000,1000,1000,0,0,1000,0,0,0,0,0,1000,1000,1000,1000,0,1000,0,1000,1000,0,1000,0,0,0,1000,1000,0,0,1000,1000,1000,1000,0,1000,0,1000,1000,1000,0,0,1000,0,0,74.9213442370076,21.9955758908249,0,0,0,0,1000,1000,0,1000,0,0,1000,0,1000,1000,0,1000,1000,0,0,0,1000,0,0,0,0,0,1000,0,1000,0,0,1000,0,0,0,0,0,1000,1000,1000,0,1000
"Assumed Passive Diffusion into Extracellular Space",0,1000,0,0,0,0,1000,0,1000,0,69.3528198778099,1000,1000,1000,0,891.779676938648,0,0,0,1000,0,183.483957636964,1000,1000,1000,1000,1000,1000,1000,0,0,1000,1000,1000,0,1000,1000,0,1000,0,1000,1000,0,0,0,1000,0,0,0,0,41.4119977892269,0,0,0,0,0,0,0,0,0,1000,367.125565959341,0,0,125.664044767104,0,1000,26.8606890423344,1000,1000,1000,1000,0,1000,0,0,1000,1000,0,1000,0,0,0,0,0,0,1000,1000,1000,0,1000,0,0,0,0,1000,0,1000,1000,1000,1000,0,0,0,1000,1000,1000,0,1000,0,0,0,0,518.757901925711,1000,1000,1000,0,0,1000,0,0,0,0,0,1000,1000,1000,1000,0,1000,0,1000,1000,0,1000,0,0,0,1000,1000,0,0,1000,1000,1000,1000,0,1000,0,1000,1000,1000,0,0,1000,0,0,74.9213442370076,21.9955758908249,0,0,0,0,1000,1000,0,1000,0,0,1000,0,1000,1000,0,1000,1000,0,0,0,1000,0,0,0,0,0,1000,0,1000,0,0,1000,0,0,0,0,0,1000,1000,1000,0,1000
