"x1A2_Burkitt_Lymphoma","x22Rv1_Prostate_Carcinoma","x5637_Bladder_Carcinoma","x639V_Bladder_Carcinoma","x647V_Bladder_Carcinoma","x769P_Kidney_Carcinoma","A101D_Skin_Melanoma","A172_Brain_Brain_Glioblastoma","A204_Muscle_Rhabdomyosarcoma","A375_Skin_Melanoma","A427_Lung_Carcinoma","A498_Kidney_Carcinoma","A673_Muscle_Rhabdomyosarcoma","A7_Skin_Melanoma","ACHN_Kidney_Carcinoma","AGS_Stomach_Carcinoma","AN3CA_Uterus_Carcinoma","ARH77_Plasma_Cell_Myeloma","AsPC1_Pancreas_Carcinoma","BC1_B_Cell_Neoplasm","BC2_B_Cell_Neoplasm","BC3_B_Cell_Neoplasm","BDCM_Acute_Myeloid_Leukemia","BE2C_Brain_Neuroblastoma","BFTC905_Bladder_Carcinoma","BHT101_Thyroid_gland_Carcinoma","BM1604_Prostate_Carcinoma","BT20_Breast_Carcinoma","BT474_Breast_Carcinoma","BV173_Blast_Phase_Chronic_Myelogenous_Leukemia","BeWo_Placenta_Choriocarcinoma","C32TG_Skin_Amelanotic_Skin_Melanoma","C33A_Cervix_Uteri_Carcinoma","C3A_Liver_Carcinoma","C4I_Cervix_Uteri_Carcinoma","C4II_Cervix_Uteri_Carcinoma","CA46_Burkitt_Lymphoma","CAL54_Kidney_Carcinoma","CAL62_Thyroid_gland_Carcinoma","CCFSTTG1_Central_Nervous_System_Astrocytoma","CCRFCEM_Acute_T_Cell_Lymphoblastic_Leukemia","CEMC1_Acute_T_Cell_Lymphoblastic_Leukemia","CESS_Acute_Myeloid_Leukemia","CGTHW1_Thyroid_gland_Carcinoma","CHL1_Skin_Melanoma","CHP212_Brain_Neuroblastoma","CMLT1_Blast_Phase_Chronic_Myelogenous_Leukemia","COLO201_Colon_Carcinoma","COLO320DM_Lung_Colorectal_Adenocarcinoma","COLO320HSR_Colon_Carcinoma","COLO668_Lung_Colorectal_Adenocarcinoma","COLO704_Ovary_Adenocarcinoma","COLO829_Skin_Melanoma","CORL105_Lung_Lung_Adenocarcinoma","CORL23_Lung_Lung_Carcinoma","CORL279_Lung_Lung_Carcinoma","CORL88_Lung_Lung_Carcinoma","CROAP2_B_Cell_Neoplasm","CROAP5_B_Cell_Neoplasm","CaHPV10_Prostate_Adenocarcinoma","CaOv3_Ovary_Carcinoma","Caki1_Kidney_Carcinoma","Caki2_Kidney_Choriocarcinoma","Calu1_Lung_Squamous_Cell_Carcinoma","Calu6_Lung_Anaplastic_Carcinoma","Capan1_Pancreas_Carcinoma","Capan2_Pancreas_Adenocarcinoma","ChaGoK1_Lung_Bronchogenic_Carcinoma","D283Med_Central_Nervous_System_Medulloblastoma","D341Med_Brain_Medulloblastoma","DB_B_Cell_Neoplasm","DBTRG05MG_Central_Nervous_System_Glioblastoma","DG75_Burkitt_Lymphoma","DKMG_Central_Nervous_System_Glioblastoma","DMS114_Lung_Small_Cell_Lung_Carcinoma","DMS153_Lung_Small_Cell_Lung_Carcinoma","DMS273_Lung_Small_Cell_Lung_Carcinoma","DMS53_Lung_Small_Cell_Lung_Carcinoma","DMS79_Lung_Small_Cell_Carcinoma","DOHH2_B_Cell_Neoplasm","DU4475_Breast_Carcinoma","Daudi_Burkitt_Lymphoma","Detroit562_Pharynx_Carcinoma","DoTc2_Cervix_Uteri_Carcinoma","EB1_Burkitt_Lymphoma","EB2_Burkitt_Lymphoma","EB3_Burkitt_Lymphoma","EFM19_Breast_Carcinoma","EM2_Blast_Phase_Chronic_Myelogenous_Leukemia","ES2_Ovary_Clear_Cell_Adenocarcinoma","FaDu_Pharynx_Carcinoma","G401_Kidney_Wilms_Tumor","G402_Kidney_Leiomyoblastoma","GA10_Burkitt_Lymphoma","GCT_Lung_Sarcoma","GDM1_Acute_Myeloid_Leukemia","H4_Central_Nervous_System_Glioblastoma","HCC1143_Breast_Carcinoma","HCC1395_Breast_Carcinoma","HCC1599_Breast_Carcinoma","HCC1937_Breast_Carcinoma","HCC1954_Breast_Carcinoma","HCC2157_Breast_Carcinoma","HCC2218_Breast_Carcinoma","HCC38_Breast_Carcinoma","HCT15_Colon_Carcinoma","HCT8_Colon_Carcinoma","HDMYZ_Hodgkin_Lymphoma","HEC1A_Uterus_Carcinoma","HEC1B_Uterus_Carcinoma","HEL9217_Erythroleukemia","HH_Cutaneous_T_Cell_Lymphoma","HL60_Acute_Myeloid_Leukemia","HMCB_Skin_Melanoma","HOS_Sarcoma_Osteosarcoma","HPAC_Pancreas_Adenocarcinoma","HPAFII_Pancreas_Carcinoma","HSSultan_Burkitt_Lymphoma","HT_B_Cell_Neoplasm","HT1080_Connective_Tissue_Fibrosarcoma","HT1197_Bladder_Carcinoma","HT1376_Bladder_Carcinoma","HT3_Cervix_Uteri_Carcinoma","Hep3B_Liver_Hepatocellular_Carcinoma","HepG2_Liver_Carcinoma","HuNS1_Myeloma","HuPT4_Pancreas_Carcinoma","HuT78_Cutaneous_T_Cell_Lymphoma","J82_Bladder_Carcinoma","JAR_Placenta_Choriocarcinoma","JEG3_Placenta_Choriocarcinoma","JM1_Acute_Lymphoblastic_Leukemia","JRT3T35_Acute_Lymphoblastic_Leukemia","JVM3_Acute_B_Cell_Lymphocytic_Leukemia","Jiyoye_Burkitt_Lymphoma","K562_Chronic_Myelogenous_Leukemia","KATOIII_Stomach_Carcinoma","KG1_Acute_Myeloid_Leukemia","KHOS240S_Sarcoma_Osteosarcoma","KLE_Uterus_Carcinoma","KPL1_Breast_Carcinoma","KU812_Chronic_Myelogenous_Leukemia","KYSE30_Esophagus_Squamous_Cell_Carcinoma","Kasumi2_Acute_B_Cell_Lymphocytic_Leukemia","L428_Hodgkin_Lymphoma","LS1034_Colon_Carcinoma","LS174T_Colon_Carcinoma","MC116_Burkitt_Lymphoma","MCCAR_Plasma_Cell_Myeloma","MCF7_Breast_Carcinoma","MCIXC_Central_Nervous_System_Neuroblastoma","MDAMB175VII_Breast_Carcinoma","MDAMB453_Breast_Carcinoma","MEC1_Chronic_Lymphocytic_Leukemia","MEG01_Chronic_Myelogenous_Leukemia","MESSA_Uterus_Sarcoma","MG63_Bone_Osteosarcoma","MHHPREB1_B_Cell_Neoplasm","MIAPaca_2_Pancreas_Carcinoma","MJ_T_Cell_Lymphoma","ML2_Acute_Myeloid_Leukemia","MOLT16_Acute_Lymphoblastic_Leukemia","MOLT4_Acute_Lymphoblastic_Leukemia","MT3_Breast_Carcinoma","MV4II_Myeloid_Leukemia","Malme3M_Skin_Melanoma","NALM1_Blast_Phase_Chronic_Myelogenous_Leukemia","NALM6_Acute_Lymphoblastic_Leukemia","NAMALWA_Burkitt_Lymphoma","NC37_Burkitt_Lymphoma","NCIH1048_Lung_Myeloid_Leukemia","NCIH1092_Lung_Small_Cell_Lung_Carcinoma","NCIH1155_Lung_Lung_Carcinoma","NCIH1355_Lung_Lung_Adenocarcinoma","NCIH1395_Lung_Carcinoma","NCIH1436_Lung_Small_Cell_Lung_Carcinoma","NCIH1437_Lung_Lung_Adenocarcinoma","NCIH1563_Lung_Lung_Adenocarcinoma","NCIH1573_Lung_Lung_Adenocarcinoma","NCIH1581_Lung_Large_Cell_Lung_Carcinoma","NCIH1618_Lung_Small_Cell_Lung_Carcinoma","NCIH1623_Lung_Lung_Adenocarcinoma","NCIH1650_Lung_Lung_Adenocarcinoma","NCIH1651_Lung_Lung_Adenocarcinoma","NCIH1666_Lung_Lung_Adenocarcinoma","NCIH1694_Lung_Small_Cell_Lung_Carcinoma","NCIH1703_Lung_Lung_Adenocarcinoma","NCIH1770_Lung_Lung_Carcinoma","NCIH1792_Lung_Lung_Adenocarcinoma","NCIH1793_Lung_Lung_Adenocarcinoma","NCIH1838_Lung_Lung_Adenocarcinoma","NCIH187_Lung_Lung_Carcinoma","NCIH1930_Lung_Small_Cell_Lung_Carcinoma","NCIH1975_Lung_Lung_Adenocarcinoma","NCIH1993_Lung_Lung_Adenocarcinoma","NCIH2009_Lung_Lung_Adenocarcinoma","NCIH2030_Lung_Lung_Adenocarcinoma","NCIH2052_Lung_Mesothelioma","NCIH2081_Lung_Small_Cell_Lung_Carcinoma","NCIH2087_Lung_Lung_Carcinoma","NCIH2107_Lung_Small_Cell_Lung_Carcinoma","NCIH2122_Lung_Lung_Carcinoma","NCIH2126_Lung_Lung_Adenocarcinoma","NCIH2170_Lung_Lung_Carcinoma","NCIH2171_Lung_Lung_Carcinoma","NCIH2195_Lung_Lung_Carcinoma","NCIH2228_Lung_Lung_Adenocarcinoma","NCIH226_Lung_Lung_Carcinoma","NCIH23_Lung_Carcinoma","NCIH2347_Lung_Lung_Adenocarcinoma","NCIH2405_Lung_Lung_Adenocarcinoma","NCIH295R_Brain_Carcinoma","NCIH322_Lung_Carcinoma","NCIH358_Lung_Carcinoma","NCIH441_Lung_Papillary_Lung_Adenocarcinoma","NCIH446_Lung_Lung_Carcinoma","NCIH508_Colon_Carcinoma","NCIH522_Lung_Carcinoma","NCIH524_Lung_Small_Cell_Lung_Carcinoma","NCIH630_Rectum_Melanoma","NCIH650_Lung_Lung_Carcinoma","NCIH661_Lung_Carcinoma","NCIH69_Lung_Carcinoma","NCIH716_Colon_Carcinoma","NCIH720_Lung_Lung_Atypical_Carcinoid_Tumor","NCIH747_Colon_Carcinoma","NCIH748_Lung_Small_Cell_Lung_Carcinoma","NCIH810_Lung_Lung_Carcinoma","NCIH82_Lung_Carcinoma","NCIH838_Lung_Lung_Adenocarcinoma","OE19_Esophagus_Esophageal_Carcinoma","OE21_Esophagus_Esophageal_Carcinoma","OE33_Esophagus_Esophageal_Carcinoma","OV90_Ovary_Ovarian_Serous_Adenocarcinoma","P3HR1_Burkitt_Lymphoma","PLB985_Acute_Myeloid_Leukemia","RCHACV_Acute_Lymphoblastic_Leukemia","RD_Muscle_Osteosarcoma","RDES_Bone_Sarcoma","REC1_B_Cell_Neoplasm","RKOE6_Colon_Colon_Carcinoma","RL_Non_Hodgkin_Lymphoma","RL952_Uterus_Carcinoma","RPMI6666_Hodgkin_Lymphoma","RPMI8226_Myeloma","RWPE1_Prostate_Carcinoma","Raji_Burkitt_Lymphoma","SCaBER_Bladder_Squamous_Cell_Carcinoma","SEM_Acute_Lymphoblastic_Leukemia","SH4_Skin_Melanoma","SHP77_Lung_Carcinoma","SJRH30_Muscle_Rhabdomyosarcoma","SJSA1_Bone_Osteosarcoma","SKLMS1_Vulva_Sarcoma","SKMEL1_Skin_Melanoma","SKMEL3_Skin_Melanoma","SKMES1_Lung_Squamous_Cell_Carcinoma","SKNAS_Central_Nervous_System_Neuroblastoma","SKNDZ_Brain_Neuroblastoma","SKNEP1_Kidney_Wilms_tumour","SKNFI_Central_Nervous_System_Neuroblastoma","SKO007_Myeloma","SKOV3_Ovary_Carcinoma","SKUT1_Uterus_Leiomyosarcoma","SNB19_Central_Nervous_System_Glioblastoma","SNU1_Stomach_Carcinoma","SNU16_Stomach_Carcinoma","SNU182_Liver_Carcinoma","SNU387_Liver_Carcinoma","SNU398_Liver_Carcinoma","SNU423_Liver_Carcinoma","SNU449_Liver_Carcinoma","SNU475_Liver_Carcinoma","SNU5_Stomach_Carcinoma","SR_Lymphoma","ST486_Burkitt_Lymphoma","SUDHL10_Lymphoma","SUDHL16_B_Cell_Neoplasm","SUDHL5_B_Cell_Neoplasm","SUDHL6_B_Cell_Neoplasm","SW1088_Central_Nervous_System_Glioblastoma","SW1116_Colon_Carcinoma","SW1353_Bone_Sarcoma","SW1417_Colon_Carcinoma","SW1463_Rectum_Carcinoma","SW1573_Lung_Carcinoma","SW1783_Central_Nervous_System_Glioblastoma","SW1990_Pancreas_Carcinoma","SW403_Colon_Carcinoma","SW48_Colon_Carcinoma","SW480_Colon_Carcinoma","SW620_Colon_Carcinoma","SW684_Connective_Tissue_Fibrosarcoma","SW756_Cervix_Uteri_Carcinoma","SW780_Bladder_Carcinoma","SW837_Colon_Carcinoma","SW872_Connective_Tissue_Liposarcoma","SW900_Lung_Small_Cell_Carcinoma","SW948_Colon_Carcinoma","SW954_Vulva_Carcinoma","SW962_Vulva_Carcinoma","SW982_Synovial_Membrane_Synovial_Sarcoma","SiHa_Cervix_Uteri_Carcinoma","T84_Colon_Carcinoma","TANOUE_Acute_Lymphoblastic_Leukemia","THP1_Acute_Myeloid_Leukemia","TT_Thyroid_gland_Carcinoma","Toledo_B_Cell_Neoplasm","U266B1_Myeloma","UACC812_Breast_Carcinoma","UACC893_Breast_Carcinoma","UMC11_Lung_Carcinoma","UMUC3_Bladder_Carcinoma","WIDR_Colon_Carcinoma","WM115_Skin_Melanoma","Y79_Eye_Retinoblastoma","YPAC_Pancreas_Carcinoma"
"Dihydroxyacetone Phosphate Acyltransferase",0,639.614839453686,235.535248517311,0,0,0,0,734.268937485051,417.172258630215,389.070812037725,565.149930755889,417.731680718003,569.060263600693,0,0,421.257732376807,917.731680718003,468.604419544921,281.473803630803,583.922058246731,0,1000,0,0,0,0,0,1000,799.182294403482,0,0,416.583024131751,0,0,0,764.249116373756,0,120.207436768985,417.731680718003,881.021406083267,0,0,0,1000,0,0,584.202076248257,0,0,0,0,0,0,737.755599646823,322.577709571272,917.731680718004,311.547045585271,0,282.605092845656,0,0,0,926.715184540569,1000,0,0,1000,0,417.731680718003,0,0,712.504438006441,0,0,917.731680718003,694.675256899705,0,500,417.731680718003,795.110877663326,0,0,0,0,321.974808546723,279.981487955659,0,500,0,0,0,213.604075753458,83.9044836845021,0,1000,0,1000,417.731680718003,0,0,0,0,0,417.731680718003,0,0,0,500,0,417.731680718003,1000,0,647.168555514218,1000,1000,0,0,497.158971049248,0,0,50.7697041373567,0,0,0,500,84.39834738467,1000,0,0,0,526.641054439402,309.80068771296,0,0,0,0,0,0,0,0,605.780497923803,1000,0,1000,1000,0,0,0,617.645743631704,611.411789272192,0,0,52.5128226405933,0,385.656282508332,0,0,0,0,0,0,788.619596793401,0,1000,0,0,0,0,0,0,0,0,0,746.496547886598,0,0,737.172960169013,83.7414039209857,0,544.46129375533,417.731680718004,0,0,0,0,0,0,0,0,0,666.219804733634,0,1000,996.842033311358,1000,652.80626864747,0,763.799726253773,285.464462634489,0,0,0,740.495673933123,0,828.919548843531,0,0,0,0,1000,0,0,354.668854799081,417.731680718003,0,0,475.352848264556,917.731680718003,0,704.557142153883,0,1000,0,0,0,0,655.734802678238,1000,0,0,0,665.292151791055,893.777063085546,500,0,0,0,0,0,0,0,0,0,584.154283878475,0,855.481800894812,0,0,895.711828029825,81.8328211244282,417.487617211808,0,565.341834411491,0,0,620.391109619141,500,0,0,0,0,0,1000,500,1000,0,0,1000,0,0,771.876357635837,289.008925926329,701.991518327662,0,0,0,0,0,0,0,0,552.872524060961,500,0,0,523.401121225683,882.337448900163,0,1000,601.732058550622,0,0,0,173.123030026747,0,0,417.589266891561,0,866.134145017979,550.541430247875,0,280.164450660464,84.39834738467,0,500,0,0,513.868148047377,84.0095711794021,0,0,0,0,1000,500,0,333.243166764915
"Exchange of Apo C1",964.512420652771,0,0,625,500,500,476.448432662266,0,0,0,0,177.143664052782,0,1000,400,3.13343889745401,0,0,0,73.2265262402597,500,106.494442251593,460,1000,461.430220187092,999.967902423367,500,0,0,960,5.41444763807239,0,1000,439.205849412136,974.012019897169,6.18855673849449,0,0,7.06779559081379,5.3585884460048,1000,941.810650635645,653.743284065079,0,1000,999.951853635051,0,1000,985.069448321745,1000,976.448432662266,230.877574960689,500,0,0,0,0,667.918306839028,0,1000,1000,1000,0,0,1000,666.666666666667,0,509.385073902382,7.58604875329653,460,1000,0,997.993378404667,1000,0,0,999.978705286271,0,0,0,500,0,500,537.072175644782,30.2718474394506,177.119979841103,858.311804090534,0,743.703101883344,500,1000,0,95.9022979665631,1000,0,500,0,0,476.125898960144,500,999.967902423367,1000,1000,0,965.320027924556,500,790.855580115579,10.2577863067393,955.469519114572,0,0,500,0.316184292161581,0,140.524216657597,500,1000,5.69580010669424,679.459252061686,503.579071844802,9.22209550423672,1000,999.967902423367,968.538204976004,77.0766173984123,0,4.18149000383833,702.060204185204,528.986836663928,0,4.74986887001436,0,500,767.377639834914,1000,951.350279825293,666.666666666667,559.82797740524,1000,1000,0,0,999.982136096491,0,0,635.183945038215,902.667514514122,500,18.8170006700258,2.89485065309858,0,1000,0,999.982147430469,0,999.954685774165,999.967902423367,1000,1000,1000,525.970326316837,0,999.962772133598,0,741.023297216743,342.925798232343,726.789620837221,788.163617801032,999.967902423367,999.967902423367,640.278118639222,500,500,0,506.914705516632,999.967902423367,0,0,989.971546308508,0.927611086389322,0,500,896.944240412984,999.975762059757,844.823757714866,999.951853635051,943.421891627182,588.016117303581,999.982439754949,962.814115060168,0,267.950739306376,11.9009283538531,0,12.9291826310347,0,1000,3.81982704395838,0,666.666666666667,666.666666666667,1000,16.967368653732,999.987969390619,0,55.0936070255498,960,1000,617.559058732837,0,965.831381921204,833.333333333333,0,195.248677870011,666.666666666667,999.954685774165,0,0,1000,0,500,0,500,738.341931104302,666.666666666667,500,0,0,907.852996599926,500,0,283.277734868235,0,0,0,500,500,966.510062799993,962.471361480958,938.569387678437,1000,1000,1000,3.55522556698188,601.832892079109,0,995.047660239691,767.439104275544,0,0,0,960,0,1000,630.889524285562,0,0,500,999.98757879558,500,480,1000,0,0,0,500,520.303123572096,0,999.967902423367,802.113417213577,0,0,0,999.951853635051,993.882453820986,500,500,523.515496850226,999.993923546287,1000,976.448432662266,0,0,1000,212.720216183989,7.91250168946747,0,660.733893477333,8.18182983052076,0,522.783001533993,1000,1000,4.1433404821788,617.372601864319,636.152491989501,4.69616443752995,1000,0,0,1000,0,0,791.485871106857,0,493.716186476079,475.413231714784,0,4.72293615052341,968.565812639721,1000,500,478.353158934897,0,0,1000,4.33144573519314
"Neurotransmitter:Sodium Symporter (Nss) Tcdb:2.A.22.3.4",1000,0,0,1000,1000,1000,1000,0,0,0,0,0,0,1000,1000,0,0,0,0,0,1000,0,1000,1000,1000,1000,1000,0,0,1000,0,0,1000,1000,1000,0,0,0,0,0,1000,1000,1000,0,1000,1000,0,1000,1000,1000,1000,1000,1000,0,0,1000,0,1000,0,1000,1000,1000,0,0,1000,1000,0,1000,0,1000,1000,0,1000,1000,0,0,1000,0,0,0,1000,0,1000,1000,0,0,0,0,1000,1000,1000,0,0,1000,0,1000,0,0,1000,1000,1000,1000,1000,0,1000,0,1000,0,1000,0,0,1000,0,0,0,1000,1000,0,1000,1000,0,1000,1000,1000,0,0,0,1000,1000,1000,0,0,1000,1000,1000,1000,1000,NA,1000,1000,0,0,1000,0,0,1000,1000,1000,0,0,0,1000,0,1000,0,1000,1000,1000,1000,1000,1000,0,1000,0,1000,1000,1000,1000,1000,1000,1000,1000,1000,0,1000,1000,0,0,1000,0,0,1000,1000,1000,1000,1000,1000,1000,1000,1000,0,1000,0,0,0,0,1000,0,0,1000,1000,1000,0,1000,0,1000,1000,1000,1000,0,1000,1000,0,0,1000,1000,0,0,1000,0,1000,0,1000,1000,1000,1000,0,0,1000,1000,0,0,0,0,0,1000,1000,1000,1000,1000,1000,1000,1000,0,1000,0,1000,1000,0,0,0,1000,0,1000,1000,0,0,1000,1000,1000,1000,1000,0,1000,0,1000,1000,0,1000,1000,0,0,0,1000,1000,1000,1000,1000,1000,1000,1000,0,0,1000,1000,0,0,1000,0,0,1000,1000,1000,0,1000,1000,0,1000,0,0,1000,0,0,1000,0,1000,1000,0,0,1000,1000,1000,1000,0,0,1000,0
"EX_M01238[e]",0,-4.62895798630017,-1.74970274524227,0,0,0,0,-3.01932800412204,-3.63604326447594,-2.39648028007461,-2.89686124327802,-2.02637059748188,-0.130277296349846,0,0,-450.934770241822,-0.979446615096693,-1.9,-5.25080127061104,-0.876102185908907,0,-2.58718108384044,0,0,0,0,0,-3.54661913505096,-3.63981527900664,0,-192.886500903924,-0.950961864386911,0,0,0,-1.78483625665824,-2.4303893695672,-0.224135998072657,-1.27177496515283,-0.700644432485013,0,0,0,-1.90889011256688,0,0,-0.153948080755925,0,0,0,0,0,0,-1.82304598864166,-1.57662648558363,-3.15196622867574,-2.27888251961544,0,-0.491125819410633,0,0,0,-4.47256320782574,-3.00229543459735,0,0,-3.00555780000837,0,-2.19772264488385,0,0,-0.172252262402575,0,0,-0.764880828013213,-2.67501625180347,0,-1.63888306211011,-3.13257412299704,-0.956643759655924,0,-45.0658614753603,0,0,-199.133447763301,-1.06115377364687,0,-2.37706944590617,0,0,0,-3.46490453257845,-238.312230342574,0,-1.30413663020267,0,-76.6677696997774,-5.07619967762302,0,0,0,0,0,-2.48424505787847,0,0,0,-1.08383399007628,0,-2.67639572304119,-1.9166531020034,0,-0.800992926210361,-2.11045852927763,-5.51309692610044,0,0,-1.51651986578949,0,0,-3.18655963209264,0,0,-0.0949268310022505,-3.54232297302198,-4.39069224860404,-1.75077228530449,0,0,0,-1.96127471806856,-3.655,0,0,0,0,0,0,0,0,-3.10112979411287,-1.39000783730192,0,-1.96640431357126,-1.3301890267781,0,0,0,-0.843766362801253,-230.833249878385,-1.72663910600433,0,-2.66955018754942,0,-2.55727349533717,0,0,0,0,0,0,-2.78475547741447,0,-2.95383004560494,0,0,0,0,0,0,0,0,0,-1.43821924746691,-1.76284877524413,0,-0.138348807795937,-3.05601242598076,0,-1.66934980239208,-4.98105208577871,0,0,0,0,0,0,0,0,0,-4.5747337752598,0,-3.71749832930522,-2.00396115639348,-3.46708649810394,-3.36647610586111,0,-1.95481199934813,-2.57522287405588,0,0,0,-1.75316718259648,0,-2.64982626912191,0,0,-1.96872298474822,0,-3.36947104344068,0,0,-3.41914014777498,-5.70806023118174,0,0,-0.144363924277159,-0.101222359987134,0,-2.59478919438915,0,-3.19105954480945,0,0,0,0,-0.409991385417433,-3.25776631472713,0,0,-1.25583854077971,-5.07741888330925,-1.5406881133491,-3.11227593870862,-5.54772693638859,0,0,0,0,0,0,0,0,-1.60056612132595,0,-1.46513299231569,0,0,-1.21328786120082,-1.66649706781428,-2.17915475399068,0,-2.92022675266366,0,0,-2.7916996497106,-3.1126567241225,0,0,0,0,0,-2.84074474731115,-2.76880347421778,-84.8023053094917,0,0,-3.51998437580412,0,0,-1.65320023702687,-4.31753578140845,-3.54572564481557,0,0,0,-0.670024684986122,-0.71733232360738,0,0,0,-4.12764906778204,-1.64862699906045,0,0,-1.35396547047028,-1.85144298062464,0,-1.62358479524038,-1.91646151281837,0,0,0,-1.02165042635082,0,0,-86.8686965242896,0,-3.18349519040327,-5.11835791982437,0,-195.827232138643,-4.66814717687744,0,-2.53029419864869,0,0,-1.39317301501514,-3.02905258897393,0,0,0,0,-3.25337856501176,-0.395452042208904,0,-2.7401415969536
"Exchange of Apo E",963.838371543479,0,0,625,546.661101036357,499.624858026315,499.325950890708,0,0,0,0,176.994387001345,0,1000,252.684182647986,0,0,0,0,93.3513568571605,499.325950890708,129.096534605749,500,1000,451.113726124572,999.293853314075,499.566364617677,0,0,999.724310272962,0,0,999.624858026315,499.325950890708,991.264922699543,0,0,0,0,0,1000,941.195765526286,693.743284065079,0,1000,999.277804525758,0,1000,1000,1000,999.325950890708,230.604814999962,499.579502286315,0,0,0,0,667.722154829199,0,999.325950890708,999.325950890708,999.325950890708,0,0,999.325950890708,547.758685706605,20.2542913027292,508.811194697188,0,562.162975445354,999.624858026315,0,997.319329295375,999.325950890708,0,0,999.531516297967,0,0,0,485.487024423143,0,499.325950890708,541.642349830829,144.349012871433,177.091934420219,875.348779469925,0,783.703101883344,499.458698760511,969.056469731194,0,95.3546227801162,999.388202586884,0,500,0,0,508.616321619436,499.325950890708,999.293853314075,999.325950890708,1000,0,987.73386262226,515.531944912101,790.480438141894,0,988.58637787788,0,23.1879937260951,499.325950890708,0,0,140.353917607571,499.624899692398,1000,0,679.296660512027,503.203929871117,0,999.656330856773,999.293853314075,988.842412320825,76.8038464994931,0,0,742.060204185204,528.611729098843,0,0,0,499.325950890708,766.703590725622,999.423026695052,999.325950890708,666.070685126729,579.908759356017,999.560119045287,1000,0,14.6371313052433,999.606994122806,0,0,665.992617557374,902.434978503662,499.624891844272,11.1199241407172,0,0,999.624946915354,0,999.607243470327,0,999.286300943102,999.293853314075,999.325950890708,999.568382441952,999.624892434915,525.970326316837,2.27839983644133,999.413661104173,0,741.023297216743,405.425798232343,726.789620837221,816.731223842027,999.293853314075,999.293853314075,666.613799958209,499.988325319186,499.662975445354,62.1180659746721,506.24065640734,999.293853314075,0,0,989.46213744353,0,0,499.492832838317,896.270191303692,999.466765314647,844.561405618959,999.277804525758,999.504690721261,666.53383193517,999.613674608886,986.898558334131,0,299.948686777475,6.51441792597135,0,112.6259514759,0,999.624858026315,0,2.06561189483523,665.992617557374,666.666666666667,999.585725468702,16.8673276319704,999.735326593624,0,55.0936070255498,999.624858026315,999.624858026315,665.209505835213,0,989.731775864273,832.659284224041,0,195.051960696311,665.992617557374,999.286300943102,2.15047045743709,25.4510860521438,1000,0,433.194034872868,0,500,738.341931104302,666.452521628909,499.624895688885,0,0,907.852996599926,499.325950890708,0,282.603685758943,0,0,0,500,554.947294883996,965.836013690701,999.325950890708,937.895338569145,999.325950890708,1000,999.325950890708,0,666.357475466843,0,999.325950890708,775.739217245132,0,0,0,999.704504903932,0,999.325950890708,630.807153923287,0,0,499.325950890708,999.726733502765,500,500,999.383023963338,0,0,0,499.507694953971,526.431467698641,0,999.293853314075,801.439368104285,0,0,0,999.277804525758,999.325950890708,500,500,523.123429568219,999.90429585402,999.325950890708,999.325950890708,46.2065091950541,0,999.624926457116,212.720216183989,0,0,666.291541862277,0,0,522.407859560308,960.007235071448,999.624869114065,0,617.275691506718,666.291524692982,0,1000,44.0258134427892,0,999.325950890708,0,0,790.811821997565,0,500,475.038089741099,0,0,991.443330868163,999.325950890708,499.624887755671,481.230677163339,0,0,1000,0
"Exchange of 2-Hydroxy-3-Methyl-Valerate",0,0,-1000,0,0,0,0,-1000,-1000,-1000,-1000,-1000,-1000,0,0,-1000,-1000,-1000,0,-1000,0,-1000,0,0,0,0,0,-1000,-1000,0,-1000,-1000,0,0,0,-1000,-1000,-1000,-1000,-1000,0,0,0,-1000,0,0,-1000,0,0,0,0,0,0,-1000,-1000,-1000,-1000,0,-1000,0,0,0,-1000,-1000,0,0,-1000,0,-1000,0,0,-1000,0,0,-1000,-1000,0,-1000,-1000,-1000,0,-1000,0,0,-1000,-1000,0,-1000,0,0,0,-1000,-1000,0,-1000,0,0,-1000,0,0,0,0,0,-1000,0,0,0,-1000,0,-1000,-1000,0,-1000,-1000,-1000,0,0,-1000,0,0,-1000,0,0,0,-1000,-1000,-1000,0,0,0,-1000,-1000,0,0,0,0,0,0,0,0,-1000,-1000,0,-1000,-1000,0,0,0,-1000,-1000,-1000,0,-1000,0,-1000,0,0,0,0,0,0,-1000,0,0,0,0,0,0,0,0,0,0,0,-1000,0,0,-1000,-1000,0,-1000,-1000,0,0,0,0,0,0,0,0,0,-1000,0,-1000,0,-1000,-1000,0,-1000,-1000,0,0,0,-1000,0,-1000,0,0,0,0,-1000,0,0,-1000,-1000,0,0,-1000,-1000,0,-1000,0,-1000,0,0,0,0,-1000,-1000,0,0,-1000,-1000,-1000,-1000,-1000,0,0,0,0,0,0,0,0,-1000,0,-1000,0,0,-1000,-1000,-1000,0,-1000,0,0,-1000,-1000,0,0,0,0,0,-1000,-1000,-1000,0,0,-1000,0,0,-1000,-1000,-1000,0,0,0,0,0,0,0,0,-1000,-1000,0,0,0,-1000,0,-1000,-1000,0,0,0,-1000,0,0,-1000,0,-1000,-1000,0,-1000,-1000,0,-1000,0,0,-1000,-1000,0,0,0,0,-1000,-1000,0,-1000
"Transport of 2-Hydroxy-3-Methyl-Valerate",808.283418332603,0,0,736.791022808146,1000,1000,1000,0,0,0,0,0,0,499.139095511577,736.791022808147,0,0,0,0,0,1000,0,1000,1000,1000,1000,590.287442026769,0,0,1000,0,0,544.27891386443,739.119945611415,1000,0,0,0,0,0,1000,1000,1000,0,1000,1000,0,1000,1000,1000,1000,736.791022808147,1000,0,0,0,0,142.572263724462,0,1000,1000,1000,0,0,1000,1000,0,1000,0,1000,1000,0,1000,223.926496814358,0,0,1000,0,0,0,1000,0,736.791022808147,1000,0,0,1000,0,1000,1000,1000,0,0,1000,0,1000,643.844825772464,0,1000,1000,1000,1000,1000,0,1000,1000,736.791022808135,0,1000,0,0,1000,0,0,0,0,1000,0,1000,736.791022808146,0,1000,1000,1000,0,0,0,1000,866.315142038664,1000,0,0,1000,1000,1000,1000,736.791022808147,1000,1000,736.791022808147,0,0,1000,0,0,1000,737.508884447806,1000,0,0,0,738.791669711112,0,742.148050649435,0,1000,1000,553.194507722977,1000,1000,1000,0,70.12435614148,668.949654092155,1000,1000,1000,1000,1000,1000,1000,1000,873.531795508413,0,1000,1000,0,0,1000,0,0,1000,1000,1000,1000,1000,1000,1000,1000,1000,0,1000,0,722.26340799546,0,0,1000,0,0,1000,1000,736.791022808147,0,1000,0,1000,1000,736.791022808146,1000,0,254.494223864209,1000,0,0,1000,1000,0,0,1000,0,1000,0,736.791022808147,738.729570423543,1000,1000,0,0,724.405844544088,1000,0,0,0,0,0,649.568011473224,1000,1000,1000,1000,1000,1000,1000,0,394.77204435868,0,1000,1000,0,0,0,1000,0,1000,1000,0,0,736.791022808147,1000,1000,1000,0,0,0,0,1000,1000,0,1000,1000,0,0,0,1000,1000,1000,1000,1000,1000,1000,736.791022808147,0,0,738.331211252843,738.276402329537,0,0,737.177456244894,0,0,1000,737.040577460133,1000,0,1000,1000,0,1000,0,0,737.543551553891,0,0,1000,0,1000,736.791022808138,0,0,1000,1000,15.9556312159793,1000,0,0,1000,0
"Transport of 2-Hydroxy-3-Methyl-Valerate",0,0,-1000,0,0,0,0,-1000,-1000,-1000,-1000,-1000,-1000,0,0,-1000,-1000,-1000,0,-1000,0,-1000,0,0,0,0,0,-1000,-1000,0,-1000,-1000,0,0,0,-1000,-1000,-1000,-1000,-1000,0,0,0,-1000,0,0,-1000,0,0,0,0,0,0,-1000,-1000,-1000,-1000,0,-1000,0,0,0,-1000,-1000,0,0,-1000,0,-1000,0,0,-1000,0,0,-1000,-1000,0,-1000,-1000,-1000,0,-1000,0,0,-1000,-1000,0,-1000,0,0,0,-1000,-1000,0,-1000,0,0,-1000,0,0,0,0,0,-1000,0,0,0,-1000,0,-1000,-1000,0,-1000,-1000,-1000,0,0,-1000,0,0,-1000,0,0,0,-1000,-1000,-1000,0,0,0,-1000,-1000,0,0,0,0,0,0,0,0,-1000,-1000,0,-1000,-1000,0,0,0,-1000,-1000,-1000,0,-1000,0,-1000,0,0,0,0,0,0,-1000,0,0,0,0,0,0,0,0,0,0,0,-1000,0,0,-1000,-1000,0,-1000,-1000,0,0,0,0,0,0,0,0,0,-1000,0,-1000,0,-1000,-1000,0,-1000,-1000,0,0,0,-1000,0,-1000,0,0,0,0,-1000,0,0,-1000,-1000,0,0,-1000,-1000,0,-1000,0,-1000,0,0,0,0,-1000,-1000,0,0,-1000,-1000,-1000,-1000,-1000,0,0,0,0,0,0,0,0,-1000,0,-1000,0,0,-1000,-1000,-1000,0,-1000,0,0,-1000,-1000,0,0,0,0,0,-1000,-1000,-1000,0,0,-1000,0,0,-1000,-1000,-1000,0,0,0,0,0,0,0,0,-1000,-1000,0,0,0,-1000,0,-1000,-1000,0,0,0,-1000,0,0,-1000,0,-1000,-1000,0,-1000,-1000,0,-1000,0,0,-1000,-1000,0,0,0,0,-1000,-1000,0,-1000
"Demand for  Tachysterol 3",0,1000,1000,0,0,0,0,1000,1000,1000,1000,1000,1000,0,0,1000,1000,1000,1000,1000,0,1000,0,0,0,0,0,1000,1000,1000,1000,1000,0,0,0,1000,1000,1000,1000,1000,0,0,0,1000,0,0,1000,0,0,0,0,0,0,1000,1000,1000,1000,0,1000,0,0,0,1000,1000,0,0,1000,1000,1000,0,0,1000,0,0,1000,1000,0,1000,1000,1000,0,1000,0,0,1000,1000,0,1000,0,0,0,1000,1000,0,1000,0,1000,1000,0,0,0,0,0,1000,0,0,0,1000,0,1000,1000,0,1000,1000,1000,0,0,1000,0,0,1000,0,0,0,1000,1000,1000,0,0,0,1000,1000,0,0,0,0,0,0,0,0,1000,1000,0,1000,1000,0,0,0,1000,1000,1000,0,1000,0,1000,0,0,0,0,0,0,1000,0,1000,0,0,0,0,0,0,0,0,0,1000,0,0,1000,1000,0,1000,1000,0,0,0,0,0,0,0,0,0,1000,0,1000,1000,1000,1000,0,1000,1000,0,0,0,1000,0,1000,0,0,0,0,1000,0,0,1000,1000,0,0,1000,1000,0,1000,0,1000,0,0,0,0,1000,1000,0,0,1000,1000,1000,1000,1000,0,0,0,0,0,0,0,0,1000,0,1000,0,0,1000,1000,1000,0,1000,0,0,1000,1000,0,0,0,0,0,1000,1000,1000,0,0,1000,0,0,1000,1000,1000,0,0,0,0,0,0,0,0,1000,1000,0,0,1000,1000,0,1000,1000,0,0,0,1000,0,0,1000,0,1000,1000,0,1000,1000,0,1000,0,0,1000,1000,0,0,0,0,1000,1000,0,1000
"Intracellular Transport of Lysophosphatidic Acid",0,639.614839453686,235.535248517311,0,0,0,0,734.268937485051,417.172258630215,389.070812037725,565.149930755889,417.731680718003,569.060263600693,0,0,421.257732376807,917.731680718003,468.604419544921,281.473803630803,583.922058246731,0,1000,0,0,0,0,0,1000,799.182294403482,0,0,416.583024131751,0,0,0,764.249116373756,0,120.207436768985,417.731680718003,881.021406083267,0,0,0,1000,0,0,584.202076248257,0,0,0,0,0,0,737.755599646823,322.577709571272,917.731680718004,311.547045585271,0,282.605092845656,0,0,0,926.715184540569,1000,0,0,1000,0,417.731680718003,0,0,712.504438006441,0,0,917.731680718003,694.675256899705,0,500,417.731680718003,795.110877663326,0,0,0,0,321.974808546723,279.981487955659,0,500,0,0,0,213.604075753458,83.9044836845021,0,1000,0,1000,417.731680718003,0,0,0,0,0,417.731680718003,0,0,0,500,0,417.731680718003,1000,0,647.168555514218,1000,1000,0,0,497.158971049248,0,0,50.7697041373567,0,0,0,500,84.39834738467,1000,0,0,0,526.641054439402,309.80068771296,0,0,0,0,0,0,0,0,605.780497923803,1000,0,1000,1000,0,0,0,617.645743631704,611.411789272192,0,0,52.5128226405933,0,385.656282508332,0,0,0,0,0,0,788.619596793401,0,1000,0,0,0,0,0,0,0,0,0,746.496547886598,0,0,737.172960169013,83.7414039209857,0,544.46129375533,417.731680718004,0,0,0,0,0,0,0,0,0,666.219804733634,0,1000,996.842033311358,1000,652.80626864747,0,763.799726253773,285.464462634489,0,0,0,740.495673933123,0,828.919548843531,0,0,0,0,1000,0,0,354.668854799081,417.731680718003,0,0,475.352848264556,917.731680718003,0,704.557142153883,0,1000,0,0,0,0,655.734802678238,1000,0,0,0,665.292151791055,893.777063085546,500,0,0,0,0,0,0,0,0,0,584.154283878475,0,855.481800894812,0,0,895.711828029825,81.8328211244282,417.487617211808,0,565.341834411491,0,0,620.391109619141,500,0,0,0,0,0,1000,500,1000,0,0,1000,0,0,771.876357635837,289.008925926329,701.991518327662,0,0,0,0,0,0,0,0,552.872524060961,500,0,0,523.401121225683,882.337448900163,0,1000,601.732058550622,0,0,0,173.123030026747,0,0,417.589266891561,0,866.134145017979,550.541430247875,0,280.164450660464,84.39834738467,0,500,0,0,513.868148047377,84.0095711794021,0,0,0,0,1000,500,0,333.243166764915
"Exchange of Apo C3",964.512420652771,0,0,625,500,500,476.448432662266,0,0,0,0,177.143664052782,0,1000,400,3.13343889745401,0,0,0,73.2265262402597,500,106.494442251593,460,1000,461.430220187092,999.967902423367,500,0,0,960,5.41444763807239,0,1000,439.205849412136,974.012019897169,6.18855673849449,0,0,7.06779559081379,5.3585884460048,1000,941.810650635645,653.743284065079,0,1000,999.951853635051,0,1000,985.069448321745,1000,976.448432662266,230.877574960689,500,0,0,0,0,667.918306839028,0,1000,1000,1000,0,0,1000,666.666666666667,0,509.385073902382,7.58604875329653,460,1000,0,997.993378404667,1000,0,0,999.978705286271,0,0,0,500,0,500,537.072175644782,30.2718474394506,177.119979841103,858.311804090534,0,743.703101883344,500,1000,0,95.9022979665631,1000,0,500,0,0,476.125898960144,500,999.967902423367,1000,1000,0,965.320027924556,500,790.855580115579,10.2577863067393,955.469519114572,0,0,500,0.316184292161581,0,140.524216657597,500,1000,5.69580010669424,679.459252061686,503.579071844802,9.22209550423672,1000,999.967902423367,968.538204976004,77.0766173984123,0,4.18149000383833,702.060204185204,528.986836663928,0,4.74986887001436,0,500,767.377639834914,1000,951.350279825293,666.666666666667,559.82797740524,1000,1000,0,0,999.982136096491,0,0,635.183945038215,902.667514514122,500,18.8170006700258,2.89485065309858,0,1000,0,999.982147430469,0,999.954685774165,999.967902423367,1000,1000,1000,525.970326316837,0,999.962772133598,0,741.023297216743,342.925798232343,726.789620837221,788.163617801032,999.967902423367,999.967902423367,640.278118639222,500,500,0,506.914705516632,999.967902423367,0,0,989.971546308508,0.927611086389322,0,500,896.944240412984,999.975762059757,844.823757714866,999.951853635051,943.421891627182,588.016117303581,999.982439754949,962.814115060168,0,267.950739306376,11.9009283538531,0,12.9291826310347,0,1000,3.81982704395838,0,666.666666666667,666.666666666667,1000,16.967368653732,999.987969390619,0,55.0936070255498,960,1000,617.559058732837,0,965.831381921204,833.333333333333,0,195.248677870011,666.666666666667,999.954685774165,0,0,1000,0,500,0,500,738.341931104302,666.666666666667,500,0,0,907.852996599926,500,0,283.277734868235,0,0,0,500,500,966.510062799993,962.471361480958,938.569387678437,1000,1000,1000,3.55522556698188,601.832892079109,0,995.047660239691,767.439104275544,0,0,0,960,0,1000,630.889524285562,0,0,500,999.98757879558,500,480,1000,0,0,0,500,520.303123572096,0,999.967902423367,802.113417213577,0,0,0,999.951853635051,993.882453820986,500,500,523.515496850226,999.993923546287,1000,976.448432662266,0,0,1000,212.720216183989,7.91250168946747,0,660.733893477333,8.18182983052076,0,522.783001533993,1000,1000,4.1433404821788,617.372601864319,636.152491989501,4.69616443752995,1000,0,0,1000,0,0,791.485871106857,0,493.716186476079,475.413231714784,0,4.72293615052341,968.565812639721,1000,500,478.353158934897,0,0,1000,4.33144573519314
"Exchange of HDL_Hs",-964.512420652771,0,0,-625,-500,-500,-500,0,0,0,0,-177.143664052782,0,-1000,-375,0,0,0,0,-93.3513568571605,-500,-106.494442251593,-500,-1000,-451.787775233864,-999.967902423367,-500,0,0,-1000,0,0,-1000,-500,-991.334048271806,0,0,0,0,0,-1000,-941.810650635645,-693.743284065079,0,-1000,-999.951853635051,0,-1000,-1000,-1000,-1000,-230.877574960689,-500,0,0,0,0,-667.918306839028,0,-1000,-1000,-1000,0,0,-1000,-666.666666666667,0,-509.385073902382,0,-500,-1000,0,-997.993378404667,-1000,0,0,-999.978705286271,0,0,0,-500,0,-500,-542.316398940121,-54.5254719214046,-177.119979841103,-858.311804090534,0,-783.703101883344,-500,-1000,0,-95.9022979665631,-1000,0,-500,0,0,-508.616321619436,-500,-999.967902423367,-1000,-1000,0,-988.407911731553,-500,-790.855580115579,0,-988.857690057927,0,0,-500,0,0,-140.524216657597,-500,-1000,0,-679.459252061686,-503.579071844802,0,-1000,-999.967902423367,-989.482265779675,-77.0766173984123,0,0,-742.060204185204,-528.986836663928,0,0,0,-500,-767.377639834914,-1000,-1000,-666.666666666667,-579.908759356017,-1000,-1000,0,0,-999.982136096491,0,0,-666.666666666667,-902.667514514122,-500,-11.4571242551173,0,0,-1000,0,-999.982147430469,0,-999.954685774165,-999.967902423367,-1000,-1000,-1000,-525.970326316837,0,-999.962772133598,-35.661087474272,-741.023297216743,-342.925798232343,-726.789620837221,-817.106127425895,-999.967902423367,-999.967902423367,-666.666666666667,-500,-500,0,-506.914705516632,-999.967902423367,0,0,-989.971546308508,0,0,-500,-896.944240412984,-999.975762059757,-844.823757714866,-999.951853635051,-1000,-666.666666666667,-999.982439754949,-987.572607443423,0,-299.948686777475,-7.1884670352636,0,-52.9291826310347,0,-1000,0,0,-666.666666666667,-666.666666666667,-1000,-16.967368653732,-999.987969390619,0,-55.0936070255498,-1000,-1000,-617.559058732837,0,-989.035228541218,-833.333333333333,0,-195.248677870011,-666.666666666667,-999.954685774165,0,-25.4510860521438,-1000,0,-500,0,-500,-738.341931104302,-666.666666666667,-500,0,0,-907.852996599926,-500,0,-283.277734868235,0,0,0,-500,-500,-966.510062799993,-1000,-938.569387678437,-1000,-1000,-1000,0,-666.666666666667,0,-1000,-776.413266354424,0,0,0,-1000,0,-1000,-630.889524285562,0,0,-500,-999.98757879558,-500,-500,-1000,0,0,0,-500,-527.105516807934,0,-999.967902423367,-802.113417213577,0,0,0,-999.951853635051,-1000,-500,-500,-523.515496850226,-999.993923546287,-1000,-1000,0,0,-1000,-212.720216183989,0,0,-666.666666666667,0,0,-522.783001533993,-1000,-1000,0,-617.372601864319,-666.666666666667,0,-1000,0,0,-1000,0,0,-791.485871106857,-4.46903899826816,-500,-475.413231714784,0,0,-992.117379977456,-1000,-500,-481.904726272632,0,0,-1000,0
"HMR_0240",0,1.0851794846715,1.74970274524227,0,0,0,0,1.44927078861028,2.06598604896418,0.826423064562849,1.32680402776626,1.96550103226448,0.1,0,0,1.50823063720581,0.872581578652168,1.9,1.75080127061104,0.876102185908907,0,0.659086261295453,0,0,0,0.2,0,1.9765619195392,1.16485627172902,0,1.43072254539989,0.950961864386911,0,0,0,1.631411599124,0.860332154055441,0.224135998072657,1.27177496515283,0.637581369421947,0,0,0,1.90889011256688,0,0,0,0,0,0,0,0,0,1.20645451205876,1.60577819357929,1.58190901316398,2.27888251961544,0,0.491125819410633,0,0,0,0.92878470619708,1.64877631319244,0,0,1.43550058449661,0,0.416390497434001,0,0,0.172252262402575,0,0,0.731773053999402,1.5,0,1.62756974972258,1.96222973129451,1.11365657373672,0,1.47722443283369,0,0,1.44589407488808,105.162922022717,0,2.37706944590617,0,0,0,2.21358485836018,1.1624363194943,0,1.24326706498528,0,1.22891850084939,1.53242117599436,0,0,0,0,0,1.04770659634,0,0,0,1.00704438542982,0,1.10633850752943,1.9166531020034,0,0.800992926210361,2.11045852927763,1.91309692610044,0,1.97376123096886,140.909870548538,0,0,1.61650241658088,1.2058655335727,0,0,1.97226575751022,0.735692248604043,1.75077228530449,0,0,0,1.80785006053431,1.70417661399634,0,0,0,0,0,0,0,0,1.92405782831901,0.526788398308437,0,1.96640431357126,1.37366270533927,0,0,0,0.843766362801253,1.07043737082361,1.72098680400056,0,1.56214383127481,0,1.57461011817027,0,0,0,0,0,0,0.971373481145044,0,17.9384987595721,0,0,0,0,0,0,0,0,0,1.43821924746691,1.96284877524413,0,0.138348807795937,1.485955210469,0,1.66934980239208,2.12649314642636,0,0,0,0,0,0,0,1.08860110060301,0,2.08487251592145,0,2.14744111379346,1.94309159117609,2.36316986990592,1.79641889034935,0,1.95481199934813,2.53832967017238,0,0,0,1.75316718259648,0,1.5013936005753,0,0,2.15565499138172,0,2.55065297893356,0,0,1.45684506580777,2.14487143406617,0,0,0.144363924277159,1.23003242805796,0,1.43665778051702,0,0.685773201197083,0,0,0.13176994595871,0,0.409991385417433,1.27988798423659,0,0,1.25583854077971,1.42241888330925,1.53566922696378,0.662610834657691,1.93175542062053,0,0,0,0,0,0,0,0,1.50412151275707,0,1.31170833478144,0,0,1.21328786120082,1.76649706781428,2.17915475399068,0,1.3501695371519,0,0,1.80261715743096,1.54259950861074,0,0,0,0,0,0.882796842638213,1.19874625870602,0.474624203606566,0,0,1.94992716029236,0,0,1.53146110659208,2.01205697541447,1.97566842930381,0,0,0,0.870024684986122,0,0,0,0,2.55759185227028,1.58775743384306,0,0,1.35396547047028,1.85144298062464,0,1.62358479524038,1.91646151281837,0,0,0,0.973345918066586,0,0,1.96530597544447,0,1.87506212848834,1.59227096330263,0,0.495626213779054,2.16761123805325,0,2.4694246334313,0,0,1.39317301501514,1.45899537346217,0,0,0,0,2.11500284123746,0.395452042208904,0,1.74627569584788
"Exchange of L-Asparagine",738.4096816821,0,0,742.912183209356,1000,742.912183209348,742.912183209357,0,0,0,0,0,1000,742.912183209357,742.912183209357,0,0,0,1000,0,740.095548395212,0,742.912183209357,658.232031160718,742.912183209357,742.912183209357,742.912183209357,1000,0,742.912183209357,0,0,742.912183209359,745.186944827878,742.912183209356,321.951678659774,1000,0,0,0,742.912183209357,742.912183209357,742.912183209358,0,744.70934282365,742.912183209357,0,742.912183209357,742.912183209357,743.155934244498,742.91218320936,742.912183209357,744.565475115848,0,0,0,0,1000,0,743.613350333923,742.912183209356,742.912183209357,0,0,742.912183209357,742.912183209357,0,742.912183209356,0,742.912183209357,0,0,742.912183209357,702.687602744335,0,0,0,0,0,91.4609992872352,505.000767118246,1000,742.912183209357,1000,0,0,1000,0,1000,0,742.912183209357,0,0,1000,0,1000,660.330535615455,0,0,744.155327496465,742.912183209358,740.095548395212,742.912183209357,0,0,742.912183209356,742.912183209348,0,742.912183209357,0,0,747.153507252364,36.8265834608052,0,0,0,0,1000,1000,742.912183209356,0,742.912183209357,742.912183209357,742.912183209356,0,0,0,744.299252462049,743.668615459006,742.912183209357,0,0,742.912183209357,1000,743.668615459006,742.912183209356,742.912183209357,1000,742.912183209357,742.912183209357,0,0,742.912183209357,1000,0,745.696005280305,743.613350333923,1000,31.3700370655785,0,1000,744.866303277528,0,0,0,742.912183209357,743.647211225421,1000,742.912183209357,743.668615459006,1000,0,742.912183209357,0,0,593.554821330909,1000,748.152900504333,743.655630870482,740.671380572875,743.254331912845,404.151662561824,742.912183209357,0,742.912183209357,742.912183209356,0,0,742.912183209357,0,0,742.912183209357,744.416553192925,745.881667945404,742.758837554687,731.676503901532,331.711665026622,743.107158735481,745.881667945404,742.912183209357,0,742.912183209357,0,0,0,742.912183209357,742.912183209355,0,0,0,742.912183209356,742.912183209357,0,742.912183209356,0,742.912183209357,742.912183209359,742.912183209356,743.655630870482,0,0,742.525905664374,0,0,740.671380572875,742.912183209357,0,0,746.024634467535,0,742.912183209356,0,716.806567736084,744.805648164482,742.912183209357,1000,0,0,730.815033353602,742.912183209357,0,366.96356806093,0,0,1000,1000,742.912183209357,733.867658972347,742.912183209357,748.165657293058,743.655630870482,0,743.613350333923,1000,742.912183209357,0,1000,742.912183209357,0,0,0,742.912183209357,0,746.347794606408,1000,0,0,0,742.912183209356,742.2564661356,748.286314014595,742.912183209357,0,0,0,742.912183209356,743.645709329266,0,747.946483109683,742.912183209357,0,0,0,977.099836260318,742.912183209356,0,0,1000,744.577354477125,1000,742.912183209357,0,0,744.416553192926,744.363018900198,709.690651525436,0,743.28962979058,1000,0,742.912183209355,743.155934244498,743.155934244499,0,745.146350341061,742.912183209357,0,742.912183209357,0,0,743.647211225421,0,0,743.96925544847,0,1000,742.912183209344,0,0,742.912183209357,742.912183209357,743.565747842571,742.912183209357,0,0,742.912183209357,0
"Transport of Ubiquinol into Cytosol",1000,0,0,1000,1000,1000,1000,0,0,0,0,1.13686837721616e-13,0,1000,1000,0,0,0,0,0,1000,0,1000,1000,1000,1000,1000,0,0,1000,0,0,1000,1000,1000,0,0,0,0,0,1000,1000,1000,0,1000,1000,0,1000,0,1000,1000,1000,1000,0,0,0,0,1000,0,1000,0,1000,0,0,1000,1000,0,1000,0,1000,1000,0,1000,1000,0,0,1000,0,0,0,1000,0,1000,1000,0,0,1000,0,1000,1000,1000,0,0,1000,0,1000,0,0,1000,1000,0,1000,1000,0,1000,1000,1000,0,1000,0,0,1000,0,0,0,1000,0,0,1000,1000,0,1000,1000,1000,0,0,0,1000,1000,1000,0,0,1000,0,1000,1000,1000,1000,1000,1000,0,0,1000,0,0,1000,1000,1000,0,0,0,1000,0,1000,0,1000,1000,1000,1000,1000,1000,0,1000,0,1000,1000,0,1000,1000,1000,1000,1000,1000,0,1000,1000,0,0,1000,0,0,1000,1000,1000,1000,1000,1000,1000,1000,1000,0,1000,0,0,0,0,0,0,2.27373675443232e-13,1000,1000,1000,0,0,0,1000,1000,0,1000,0,1000,1000,0,0,1000,1000,0,0,1000,0,1000,0,1000,1000,1000,1000,0,0,1000,1000,0,0,0,0,0,1000,1000,1000,1000,1000,1000,1000,1000,0,1000,0,1000,1000,0,0,0,0,0,1000,1000,0,0,1000,0,1000,1000,1000,0,0,0,1000,0,0,1000,1000,0,0,0,1000,1000,1000,1000,1000,1000,1000,1000,0,0,1000,1000,0,0,1000,0,0,1000,1000,1000,0,1000,1000,0,1000,0,0,1000,0,0,1000,0,1000,1000,0,0,1000,1000,1000,1000,0,0,1000,0
